Date,Open,High,Low,Close,Adj Close,Volume
2017-01-23,722.500000,739.900024,722.000000,732.750000,731.160400,1457199
2017-01-24,737.500000,745.000000,734.099976,743.349976,741.737427,1206679
2017-01-25,747.500000,800.900024,745.049988,795.200012,793.475037,8772524
2017-01-27,798.000000,802.099976,780.450012,785.049988,783.346985,3709367
2017-01-30,786.000000,790.000000,771.099976,775.599976,773.917480,2183478
2017-01-31,777.000000,780.299988,763.049988,774.150024,772.470642,1400680
2017-02-01,777.500000,782.950012,739.150024,777.049988,775.364380,4951867
2017-02-02,779.000000,780.450012,764.450012,770.400024,768.728821,2022953
2017-02-03,769.500000,777.200012,760.000000,765.299988,763.639771,1562576
2017-02-06,770.000000,773.750000,765.299988,766.700012,765.036865,1967556
2017-02-07,769.000000,784.950012,768.500000,773.349976,771.672363,2996111
2017-02-08,774.400024,776.200012,762.000000,767.599976,765.934814,2607668
2017-02-09,769.900024,779.500000,765.000000,769.650024,767.980469,1306279
2017-02-10,771.099976,786.299988,771.099976,778.900024,777.210388,1871296
2017-02-13,779.799988,796.000000,779.500000,793.150024,791.429504,1804668
2017-02-14,793.900024,796.349976,785.950012,790.299988,788.585571,1338969
2017-02-15,791.200012,795.000000,781.750000,784.299988,782.598694,1360744
2017-02-16,785.000000,798.500000,780.250000,792.500000,790.780823,2256205
2017-02-17,805.000000,811.000000,790.099976,796.500000,794.772217,4259173
2017-02-20,801.900024,805.000000,795.000000,797.049988,795.320923,847401
2017-02-21,799.150024,800.599976,791.099976,797.900024,796.169128,632134
2017-02-22,799.799988,804.450012,793.750000,795.849976,794.123535,1106511
2017-02-23,798.500000,814.400024,792.500000,810.950012,809.190857,4575547
2017-02-27,807.500000,812.500000,795.549988,800.500000,798.763489,2381678
2017-02-28,801.900024,808.450012,798.799988,802.099976,800.359985,972189
2017-03-01,802.099976,827.200012,802.049988,824.150024,822.362183,2968583
2017-03-02,827.500000,828.700012,812.750000,816.150024,814.379578,4455373
2017-03-03,816.000000,817.000000,803.000000,809.500000,807.743958,1317035
2017-03-06,812.900024,822.200012,811.099976,818.950012,817.173462,1439574
2017-03-07,820.000000,821.000000,814.000000,817.000000,815.227600,949754
2017-03-08,823.049988,838.950012,819.200012,824.900024,823.110535,3815129
2017-03-09,826.000000,827.799988,820.000000,825.450012,823.659424,1597549
2017-03-10,835.049988,838.900024,826.150024,828.900024,827.101868,1352797
2017-03-14,843.000000,851.450012,832.000000,836.150024,834.336182,3116342
2017-03-15,837.000000,848.450012,835.150024,844.150024,842.318848,1718310
2017-03-16,849.200012,856.349976,849.200012,851.400024,849.553101,1261745
2017-03-17,852.950012,854.450012,842.549988,848.250000,846.409912,4646494
2017-03-20,855.000000,862.000000,848.000000,854.599976,852.746094,1592288
2017-03-21,855.000000,861.400024,850.950012,859.549988,857.685364,1458329
2017-03-22,853.000000,864.900024,848.500000,862.200012,860.329651,9354327
2017-03-23,863.150024,873.500000,862.049988,868.150024,866.266724,1610154
2017-03-24,871.000000,886.400024,863.900024,879.349976,877.442444,2280029
2017-03-27,879.349976,880.000000,858.700012,871.150024,869.260254,1999306
2017-03-28,877.500000,879.950012,856.000000,859.450012,857.585632,3049130
2017-03-29,864.099976,864.750000,852.549988,857.599976,855.739563,2483787
2017-03-30,862.500000,871.950012,859.349976,865.150024,863.273315,3534385
2017-03-31,865.000000,880.000000,862.049988,872.200012,870.307922,2586431
2017-04-03,877.000000,879.799988,871.000000,875.950012,874.049866,1365426
2017-04-05,880.000000,896.599976,877.599976,889.849976,887.919617,2006328
2017-04-06,885.000000,897.500000,883.700012,894.349976,892.409790,1988350
2017-04-07,890.000000,893.200012,870.000000,873.099976,871.205994,1612677
2017-04-10,877.700012,879.900024,867.500000,877.349976,875.446716,945515
2017-04-11,872.700012,889.000000,871.099976,881.049988,879.138733,1400544
2017-04-12,881.000000,883.450012,873.599976,879.400024,877.492371,1088987
2017-04-13,879.000000,884.000000,872.500000,879.500000,877.592102,937868
2017-04-17,885.000000,889.750000,875.000000,887.599976,885.674500,1232806
2017-04-18,890.000000,892.700012,876.599976,881.650024,879.737488,1266297
2017-04-19,879.099976,881.599976,867.200012,875.599976,873.700623,898264
2017-04-20,876.599976,891.450012,876.099976,889.150024,887.221252,998075
2017-04-21,890.000000,897.500000,878.500000,880.400024,878.490173,1260745
2017-04-24,878.000000,898.450012,876.299988,895.750000,893.806885,3128325
2017-04-25,899.000000,904.000000,885.099976,898.000000,896.052002,2496583
2017-04-26,899.700012,921.000000,895.549988,900.349976,898.396912,3611321
2017-04-27,907.950012,919.349976,890.000000,916.650024,914.661560,7060437
2017-04-28,917.500000,919.900024,901.000000,901.950012,899.993408,1236662
2017-05-02,902.049988,919.900024,901.000000,917.900024,915.908875,2570563
2017-05-03,920.049988,922.000000,913.799988,916.950012,914.960938,1012552
2017-05-04,917.250000,918.000000,900.450012,905.450012,903.485840,1503426
2017-05-05,908.950012,912.000000,900.250000,908.299988,906.329590,2195801
2017-05-08,907.500000,910.000000,900.000000,907.349976,905.381714,1067991
2017-05-09,910.000000,911.349976,905.400024,906.849976,904.882751,583372
2017-05-10,911.000000,929.650024,911.000000,927.650024,925.637695,1940601
2017-05-11,933.049988,940.500000,930.549988,936.799988,934.767822,2200001
2017-05-12,940.000000,962.000000,937.549988,954.650024,952.579163,4308505
2017-05-15,955.000000,981.450012,954.400024,973.299988,971.188660,4155827
2017-05-16,973.500000,975.000000,957.099976,959.849976,957.767822,2397324
2017-05-17,962.400024,962.400024,945.599976,951.200012,949.136536,1187031
2017-05-18,947.950012,952.900024,935.099976,942.849976,940.804688,5827141
2017-05-19,945.000000,947.500000,935.750000,937.349976,935.316528,1242128
2017-05-22,942.500000,954.000000,937.349976,941.250000,939.208191,1386033
2017-05-23,941.000000,946.099976,935.299988,940.250000,938.210388,1370650
2017-05-24,938.599976,943.400024,932.500000,936.099976,934.069336,1014349
2017-05-25,936.000000,962.500000,936.000000,956.500000,954.425049,4144290
2017-05-26,960.000000,969.549988,952.500000,965.049988,962.956543,1633378
2017-05-29,965.450012,970.599976,957.000000,968.549988,966.448975,1110399
2017-05-30,966.950012,967.250000,955.549988,961.950012,959.863281,632580
2017-05-31,962.950012,971.299988,962.500000,966.049988,963.954285,1351133
2017-06-01,963.349976,968.000000,958.900024,962.650024,960.561768,757345
2017-06-02,965.500000,972.500000,963.500000,965.250000,963.156067,449924
2017-06-05,965.900024,969.000000,959.450012,967.000000,964.902283,834584
2017-06-06,970.000000,970.000000,960.099976,966.400024,964.303650,1700072
2017-06-07,970.000000,970.000000,964.000000,968.650024,966.548706,663956
2017-06-08,969.950012,983.299988,965.900024,978.849976,976.726563,1509894
2017-06-09,978.750000,987.000000,975.549988,985.099976,982.963013,1383421
2017-06-12,985.849976,990.000000,972.099976,976.700012,974.581238,1192741
2017-06-13,973.200012,980.000000,971.250000,974.200012,972.086670,900426
2017-06-14,970.000000,972.150024,963.000000,968.049988,965.950073,955259
2017-06-15,962.500000,969.750000,960.200012,962.599976,960.511841,1158086
2017-06-16,966.950012,990.099976,962.349976,982.650024,980.518433,4197485
2017-06-19,986.250000,991.799988,985.000000,987.549988,985.407776,917933
2017-06-20,990.000000,990.000000,980.400024,983.049988,980.917419,657768
2017-06-21,982.950012,995.000000,979.150024,991.950012,989.798218,1094255
2017-06-22,990.000000,1004.250000,990.000000,997.900024,995.735291,1745066
2017-06-23,999.000000,1004.650024,982.750000,985.200012,983.062805,1455696
2017-06-27,985.000000,992.900024,966.450012,974.750000,972.635559,1577817
2017-06-28,983.750000,983.750000,967.849976,972.200012,970.091003,1333766
2017-06-29,973.700012,976.950012,945.000000,948.349976,946.292725,2798286
2017-06-30,946.000000,961.400024,936.000000,955.750000,953.676697,1921598
2017-07-03,953.099976,955.450012,940.200012,948.849976,946.791687,1337634
2017-07-04,952.500000,961.400024,943.250000,958.799988,956.720032,1438005
2017-07-05,960.700012,963.299988,954.099976,959.849976,957.767822,1239270
2017-07-06,961.799988,962.849976,954.049988,958.099976,956.021606,804102
2017-07-07,957.000000,967.500000,954.099976,964.700012,962.607300,1223510
2017-07-10,961.000000,972.799988,960.000000,968.000000,965.900146,354077
2017-07-11,969.900024,970.950012,955.250000,958.750000,956.670227,1334899
2017-07-12,960.000000,963.000000,951.250000,956.650024,955.172546,1664448
2017-07-13,960.000000,967.799988,956.799988,962.099976,960.614075,2787244
2017-07-14,968.950012,983.450012,963.750000,977.200012,975.690796,3771140
2017-07-17,983.000000,990.000000,976.400024,979.700012,978.186890,2553254
2017-07-18,981.799988,987.000000,971.349976,977.099976,975.590881,1096403
2017-07-19,982.500000,998.000000,976.049988,994.200012,992.664551,4990375
2017-07-20,1001.950012,1016.400024,975.500000,980.000000,978.486450,10689537
2017-07-21,984.900024,1002.500000,970.400024,999.450012,997.906372,2104019
2017-07-24,1004.599976,1008.400024,987.549988,992.950012,991.416504,2226380
2017-07-25,1000.000000,1000.000000,983.099976,987.950012,986.424194,1300655
2017-07-26,995.500000,995.500000,982.599976,986.549988,985.026306,1816661
2017-07-27,993.500000,1005.000000,982.500000,998.150024,996.608459,2564843
2017-07-28,996.700012,1017.500000,995.000000,1012.700012,1011.135925,1304864
2017-07-31,1018.000000,1031.699951,1012.849976,1021.650024,1020.072144,2464607
2017-08-01,1024.000000,1024.000000,1011.000000,1015.299988,1013.731873,2063948
2017-08-02,1015.799988,1023.250000,1005.200012,1010.900024,1009.338684,1119072
2017-08-03,1009.900024,1009.900024,994.000000,996.400024,994.861145,1152115
2017-08-04,999.000000,999.599976,988.549988,996.200012,994.661438,1187275
2017-08-07,1000.150024,1001.950012,994.299988,997.900024,996.358826,619240
2017-08-08,1000.000000,1000.000000,980.099976,987.700012,986.174561,1222642
2017-08-09,989.000000,999.700012,979.299988,992.400024,990.867249,1131399
2017-08-10,994.900024,1002.500000,983.049988,996.799988,995.260498,2495164
2017-08-11,988.900024,997.450012,973.549988,992.200012,990.667603,1421743
2017-08-14,992.500000,1000.000000,980.250000,982.599976,981.082397,2666347
2017-08-16,990.000000,1005.000000,967.549988,1000.549988,999.004700,3147277
2017-08-17,1003.000000,1003.000000,982.000000,989.000000,987.472534,1076077
2017-08-18,983.000000,985.150024,976.000000,983.549988,982.030884,956180
2017-08-21,988.400024,991.700012,967.500000,969.549988,968.052551,845249
2017-08-22,974.900024,977.450012,966.299988,970.799988,969.300659,1206098
2017-08-23,978.000000,984.000000,964.000000,980.099976,978.586243,2354519
2017-08-24,984.900024,984.900024,966.049988,972.099976,970.598633,1336640
2017-08-28,980.000000,982.950012,972.500000,976.049988,974.542542,621906
2017-08-29,975.000000,975.900024,962.000000,964.400024,962.910522,1314765
2017-08-30,970.000000,976.349976,965.950012,971.349976,969.849731,997329
2017-08-31,974.500000,980.900024,963.549988,976.000000,974.492615,2524606
2017-09-01,979.000000,998.099976,972.500000,992.549988,991.017029,1948333
2017-09-04,998.000000,998.599976,973.200012,978.099976,976.589417,703102
2017-09-05,978.099976,991.000000,975.849976,988.400024,986.873535,851521
2017-09-06,987.000000,1007.950012,980.049988,996.150024,994.611511,1738140
2017-09-07,999.000000,1004.700012,988.200012,993.500000,991.965576,1514770
2017-09-08,996.000000,1010.799988,991.549988,1007.549988,1005.993835,2076538
2017-09-11,1010.000000,1015.000000,1001.099976,1006.500000,1004.945496,1323918
2017-09-12,1012.000000,1024.550049,1007.150024,1021.750000,1020.171936,1649509
2017-09-13,1022.000000,1025.099976,1015.599976,1020.150024,1018.574463,1110777
2017-09-14,1021.799988,1026.449951,1002.400024,1007.599976,1006.043762,1484086
2017-09-15,1007.900024,1011.700012,997.500000,1005.049988,1003.497742,5328496
2017-09-18,1007.500000,1024.949951,1007.500000,1017.049988,1015.479187,939378
2017-09-19,1020.000000,1045.400024,1015.599976,1034.349976,1032.752441,1976618
2017-09-20,1034.500000,1036.949951,1020.250000,1023.200012,1021.619751,1971092
2017-09-21,1022.000000,1037.000000,1020.000000,1029.150024,1027.560547,923961
2017-09-22,1024.750000,1031.000000,1019.000000,1021.900024,1020.321777,1845956
2017-09-25,1021.000000,1021.700012,995.000000,999.500000,997.956360,1856601
2017-09-26,1001.000000,1007.500000,990.400024,994.000000,992.464783,1337633
2017-09-27,997.500000,1005.049988,977.000000,979.599976,978.086975,2040885
2017-09-28,982.500000,1014.599976,968.000000,1005.250000,1003.697449,5808078
2017-09-29,1014.000000,1015.000000,998.400024,1002.250000,1000.702087,1660433
2017-10-03,1006.099976,1010.000000,995.150024,1006.549988,1004.995422,2133107
2017-10-04,1008.599976,1037.199951,1008.599976,1029.449951,1027.860107,2255784
2017-10-05,1029.000000,1037.250000,1020.250000,1032.800049,1031.204956,1396989
2017-10-06,1032.000000,1043.150024,1028.650024,1039.500000,1037.894531,1065953
2017-10-09,1037.099976,1053.800049,1035.099976,1049.949951,1048.328247,1546184
2017-10-10,1052.949951,1061.000000,1044.400024,1055.650024,1054.019531,1602617
2017-10-11,1056.750000,1057.150024,1038.199951,1043.849976,1042.237793,1329360
2017-10-12,1043.300049,1062.500000,1038.000000,1057.599976,1055.966553,1176721
2017-10-13,1058.000000,1088.800049,1052.500000,1082.349976,1080.678345,1755115
2017-10-16,1082.349976,1098.699951,1077.900024,1082.500000,1080.828125,2574204
2017-10-17,1082.500000,1087.500000,1072.099976,1078.599976,1076.934082,1678738
2017-10-18,1079.000000,1115.050049,1077.500000,1095.900024,1094.207520,2753994
2017-10-19,1094.000000,1094.000000,1070.599976,1077.750000,1076.085571,277916
2017-10-23,1080.000000,1082.849976,1058.050049,1061.550049,1059.910522,1939538
2017-10-24,1070.449951,1076.400024,1059.000000,1065.699951,1064.053955,1305472
2017-10-25,1071.500000,1075.000000,998.500000,1010.549988,1008.989197,8250123
2017-10-26,1021.400024,1025.550049,985.150024,1018.900024,1017.326416,3679909
2017-10-27,1023.500000,1045.000000,1022.950012,1029.000000,1027.410889,2640498
2017-10-30,1028.000000,1034.000000,1020.500000,1028.900024,1027.310913,1563715
2017-10-31,1031.000000,1035.000000,1022.049988,1025.050049,1023.466858,973983
2017-11-01,1032.000000,1037.000000,1017.549988,1024.349976,1022.767944,1657437
2017-11-02,1023.000000,1033.400024,1017.500000,1019.549988,1017.975342,1287575
2017-11-03,1027.400024,1027.400024,1008.650024,1015.500000,1013.931641,2942419
2017-11-06,1015.000000,1019.000000,999.500000,1009.750000,1008.190430,2793501
2017-11-07,1011.000000,1025.900024,1007.799988,1013.299988,1011.734985,1850889
2017-11-08,1013.299988,1021.000000,1007.000000,1011.400024,1009.837952,1451235
2017-11-09,1011.400024,1015.000000,1002.599976,1005.349976,1003.797241,1648408
2017-11-10,1001.099976,1008.750000,990.000000,993.400024,991.865784,1853829
2017-11-13,990.000000,999.000000,982.549988,994.700012,993.163757,2132408
2017-11-14,994.000000,1003.200012,992.500000,999.200012,997.656738,1373565
2017-11-15,998.000000,1014.400024,997.849976,1011.500000,1009.937744,1333954
2017-11-16,1010.000000,1026.449951,1008.049988,1017.450012,1015.878601,1307144
2017-11-17,1027.500000,1030.000000,1014.349976,1023.200012,1021.619751,1842633
2017-11-20,1023.200012,1041.900024,1016.849976,1040.550049,1038.942993,1248427
2017-11-21,1042.300049,1050.000000,1027.250000,1029.849976,1028.259399,2439933
2017-11-22,1032.500000,1035.300049,1019.099976,1026.250000,1024.665039,1545476
2017-11-23,1031.699951,1031.699951,1016.349976,1022.099976,1020.521362,1233925
2017-11-24,1025.000000,1036.500000,1020.950012,1030.349976,1028.758667,1176564
2017-11-27,1029.900024,1041.699951,1023.500000,1036.449951,1034.849121,970817
2017-11-28,1036.000000,1040.000000,1026.099976,1029.849976,1028.259399,734677
2017-11-29,1028.900024,1032.849976,1022.000000,1026.250000,1024.665039,1414642
2017-11-30,1019.099976,1020.400024,996.150024,1000.299988,998.755066,2800528
2017-12-01,1003.000000,1011.750000,1001.150024,1005.150024,1003.597656,2879595
2017-12-04,1006.000000,1011.000000,992.500000,997.950012,996.408691,2224349
2017-12-05,998.500000,1005.150024,995.150024,999.849976,998.305786,1823641
2017-12-06,1000.000000,1010.549988,996.299988,999.650024,998.106140,1775461
2017-12-07,1003.000000,1006.000000,994.150024,1001.599976,1000.053040,1027520
2017-12-08,1006.799988,1012.000000,1003.000000,1009.000000,1007.441650,1884560
2017-12-11,1009.000000,1011.400024,1002.049988,1008.500000,1006.942444,1084771
2017-12-12,1005.000000,1006.900024,997.700012,1000.400024,998.854919,1826210
2017-12-13,1006.000000,1027.000000,993.049988,1014.900024,1013.332581,2855676
2017-12-14,1017.000000,1027.050049,1007.900024,1024.650024,1023.067505,1461190
2017-12-15,1032.500000,1037.000000,1020.500000,1030.099976,1028.509033,9518612
2017-12-18,1028.900024,1038.000000,999.599976,1023.200012,1021.619751,1989303
2017-12-19,1024.900024,1028.250000,1012.500000,1021.349976,1019.772522,1032586
2017-12-20,1021.349976,1022.099976,1008.349976,1012.700012,1011.135925,1980327
2017-12-21,1010.049988,1015.000000,1006.799988,1010.549988,1008.989197,2154856
2017-12-22,1014.000000,1014.500000,1006.200012,1010.049988,1008.490051,1012136
2017-12-26,1009.900024,1020.700012,1007.049988,1016.250000,1014.680481,1632043
2017-12-27,1016.700012,1022.000000,1010.150024,1014.049988,1012.483826,560946
2017-12-28,1013.000000,1014.700012,1002.599976,1004.750000,1003.198181,1035750
2017-12-29,1003.250000,1012.000000,1002.500000,1010.200012,1008.639771,1190422
2018-01-01,1011.849976,1012.200012,996.799988,999.950012,998.405640,1317415
2018-01-02,1001.000000,1006.000000,992.500000,1003.200012,1001.650635,1072207
2018-01-03,1002.599976,1006.900024,998.099976,1000.099976,998.555359,884021
2018-01-04,1001.000000,1002.900024,996.099976,1000.400024,998.854919,783950
2018-01-05,1002.500000,1006.700012,996.599976,1003.049988,1001.500793,2147402
2018-01-08,1008.849976,1013.099976,1003.700012,1006.099976,1004.546143,1780412
2018-01-09,1010.000000,1020.650024,996.000000,1009.750000,1008.190430,1242106
2018-01-10,1007.599976,1009.450012,1000.099976,1002.250000,1000.702087,676881
2018-01-11,1003.700012,1021.000000,1001.049988,1017.650024,1016.078308,2077738
2018-01-12,1022.500000,1025.900024,1016.099976,1023.349976,1021.769409,2320796
2018-01-15,1025.000000,1041.400024,1020.349976,1038.349976,1036.746460,3511372
2018-01-16,1043.550049,1044.000000,1027.500000,1033.250000,1031.654175,1158187
2018-01-17,1028.050049,1034.150024,1021.799988,1027.099976,1025.513672,1603465
2018-01-18,1033.000000,1050.800049,1031.400024,1046.500000,1044.883667,3648214
2018-01-19,1052.699951,1063.900024,1043.050049,1060.550049,1058.912109,4304314
2018-01-22,1061.000000,1078.199951,1044.000000,1074.099976,1072.441040,3189930
2018-01-23,1076.949951,1083.750000,1070.250000,1075.449951,1073.788940,2458463
2018-01-24,1071.250000,1084.000000,1070.949951,1080.099976,1078.431763,1168000
2018-01-25,1076.000000,1098.000000,1050.099976,1092.349976,1090.662842,4061319
2018-01-29,1092.000000,1119.500000,1091.000000,1115.099976,1113.377808,2215014
2018-01-30,1113.050049,1118.000000,1083.949951,1088.050049,1086.369629,2692935
2018-01-31,1084.000000,1113.199951,1083.150024,1108.949951,1107.237183,3143011
2018-02-01,1105.099976,1131.000000,1105.099976,1120.949951,1119.218628,3856283
2018-02-02,1115.000000,1115.000000,1077.949951,1085.949951,1084.272827,2281820
2018-02-05,1075.000000,1081.050049,1050.800049,1062.250000,1060.609497,2370531
2018-02-06,1035.650024,1049.400024,1018.200012,1033.800049,1032.203491,3334520
2018-02-07,1037.000000,1050.000000,1031.000000,1036.300049,1034.699585,3536295
2018-02-08,1036.300049,1056.000000,1030.599976,1051.750000,1050.125610,1839297
2018-02-09,1040.000000,1045.500000,1028.000000,1032.000000,1030.406128,1898563
2018-02-12,1037.500000,1046.000000,1032.650024,1042.949951,1041.339111,772861
2018-02-14,1050.000000,1052.349976,1036.800049,1042.449951,1040.839844,1187333
2018-02-15,1043.500000,1047.500000,1033.000000,1042.150024,1040.540527,908706
2018-02-16,1043.000000,1062.000000,1040.849976,1050.199951,1048.577881,1655606
2018-02-19,1059.000000,1059.000000,1046.550049,1056.199951,1054.568726,1188168
2018-02-20,1056.199951,1065.400024,1041.699951,1045.800049,1044.184814,835351
2018-02-21,1047.699951,1060.800049,1042.550049,1055.050049,1053.420654,3572028
2018-02-22,1052.500000,1077.500000,1050.650024,1072.500000,1070.843628,5142330
2018-02-23,1072.500000,1083.300049,1072.449951,1080.849976,1079.180664,2272854
2018-02-26,1081.000000,1109.599976,1081.000000,1105.150024,1103.443115,1817998
2018-02-27,1105.000000,1105.000000,1088.099976,1093.050049,1091.361816,1034120
2018-02-28,1090.000000,1095.199951,1084.550049,1090.550049,1088.865723,886902
2018-03-01,1088.099976,1103.750000,1086.000000,1095.699951,1094.007813,1480594
2018-03-05,1090.000000,1103.849976,1080.800049,1100.000000,1098.301147,2409121
2018-03-06,1105.000000,1105.949951,1075.300049,1082.449951,1080.778076,2404151
2018-03-07,1082.199951,1097.599976,1073.300049,1085.099976,1083.424072,2965912
2018-03-08,1088.699951,1093.099976,1074.300049,1082.300049,1080.628540,1751666
2018-03-09,1085.000000,1091.900024,1076.650024,1082.449951,1080.778076,1644991
2018-03-12,1087.500000,1105.000000,1083.500000,1100.599976,1098.900146,1255474
2018-03-13,1099.949951,1108.500000,1078.949951,1083.900024,1082.226074,1380164
2018-03-14,1080.000000,1085.050049,1070.000000,1081.750000,1080.079224,1209100
2018-03-15,1085.000000,1091.949951,1078.650024,1085.650024,1083.973267,1368171
2018-03-16,1081.650024,1082.000000,1056.400024,1060.750000,1059.111816,2724910
2018-03-19,1064.699951,1065.599976,1045.250000,1049.000000,1047.379883,1880023
2018-03-20,1047.900024,1051.449951,1038.599976,1045.300049,1043.685547,987156
2018-03-21,1054.800049,1061.949951,1045.550049,1051.099976,1049.476563,1741161
2018-03-22,1051.099976,1059.500000,1048.099976,1053.050049,1051.423706,1765315
2018-03-23,1040.900024,1046.800049,1028.400024,1038.800049,1037.195801,1961492
2018-03-26,1040.000000,1040.900024,1028.849976,1039.349976,1037.744751,7817249
2018-03-27,1043.000000,1058.000000,1043.000000,1049.849976,1048.228516,2148618
2018-03-28,1044.050049,1057.000000,1040.599976,1047.800049,1046.181763,5927388
2018-04-02,1049.050049,1100.449951,1049.050049,1096.550049,1094.856445,2666027
2018-04-03,1094.500000,1105.099976,1087.500000,1103.300049,1101.596069,1345130
2018-04-04,1108.900024,1111.800049,1075.000000,1078.300049,1076.634644,1305078
2018-04-05,1091.900024,1121.000000,1084.500000,1118.300049,1116.572876,1987694
2018-04-06,1116.000000,1123.000000,1102.000000,1119.199951,1117.471436,1293385
2018-04-09,1119.900024,1137.500000,1115.000000,1118.250000,1116.522949,1851094
2018-04-10,1120.000000,1134.900024,1110.400024,1113.650024,1111.930054,1198503
2018-04-11,1110.000000,1129.000000,1110.000000,1126.099976,1124.360718,883246
2018-04-12,1123.599976,1137.349976,1113.500000,1134.599976,1132.847656,1344409
2018-04-13,1138.900024,1157.050049,1137.099976,1151.099976,1149.322144,2952078
2018-04-16,1147.500000,1175.000000,1145.000000,1172.099976,1170.289673,1625382
2018-04-17,1176.000000,1177.500000,1160.599976,1164.849976,1163.050903,912582
2018-04-18,1167.500000,1167.500000,1151.150024,1153.949951,1152.167725,889610
2018-04-19,1160.000000,1165.599976,1151.099976,1153.900024,1152.117920,660729
2018-04-20,1150.849976,1164.000000,1145.050049,1152.849976,1151.069458,1218056
2018-04-23,1158.699951,1177.150024,1153.250000,1169.000000,1167.194580,1354154
2018-04-24,1172.449951,1172.449951,1153.650024,1166.000000,1164.199097,992352
2018-04-25,1164.000000,1170.500000,1150.650024,1167.849976,1166.046265,1251769
2018-04-26,1169.000000,1192.750000,1161.050049,1185.699951,1183.868652,3196902
2018-04-27,1190.000000,1207.000000,1178.449951,1188.750000,1186.914063,1816266
2018-04-30,1198.949951,1218.800049,1193.400024,1211.099976,1209.229492,3430681
2018-05-02,1232.000000,1288.400024,1223.199951,1256.849976,1254.908813,8891427
2018-05-03,1255.000000,1263.199951,1225.849976,1233.550049,1231.644897,2977641
2018-05-04,1240.199951,1240.250000,1214.099976,1233.449951,1231.544922,1914559
2018-05-07,1235.000000,1248.699951,1229.400024,1245.050049,1243.127197,2305468
2018-05-08,1247.500000,1247.500000,1225.800049,1241.849976,1239.932007,2674288
2018-05-09,1241.699951,1255.300049,1232.900024,1251.150024,1249.217651,1671216
2018-05-10,1254.500000,1260.000000,1242.900024,1247.500000,1245.573242,984467
2018-05-11,1250.000000,1272.400024,1248.050049,1267.300049,1265.342896,1416236
2018-05-14,1268.000000,1288.150024,1256.250000,1271.599976,1269.636108,1674393
2018-05-15,1274.000000,1304.449951,1259.250000,1283.849976,1281.867188,3979395
2018-05-16,1272.000000,1293.050049,1265.000000,1281.400024,1279.420898,1381194
2018-05-17,1285.000000,1296.000000,1265.000000,1270.699951,1268.737427,2201571
2018-05-18,1268.000000,1297.050049,1267.000000,1294.400024,1292.400879,3368549
2018-05-21,1299.949951,1299.949951,1269.550049,1276.650024,1274.678345,1998879
2018-05-22,1276.800049,1284.250000,1258.650024,1262.699951,1260.749756,1357645
2018-05-23,1260.000000,1264.949951,1242.000000,1255.349976,1253.411133,1512791
2018-05-24,1250.500000,1279.550049,1246.150024,1275.449951,1273.480225,1572433
2018-05-25,1277.949951,1306.849976,1272.500000,1295.849976,1293.848633,1065643
2018-05-28,1300.000000,1309.699951,1289.800049,1297.150024,1295.146606,1527809
2018-05-29,1297.099976,1300.900024,1278.449951,1284.250000,1282.266602,1094590
2018-05-30,1276.849976,1308.400024,1270.300049,1303.250000,1301.237183,2044432
2018-05-31,1306.900024,1400.000000,1301.449951,1334.599976,1332.538696,6684898
2018-06-01,1317.000000,1334.000000,1307.150024,1318.000000,1315.964478,2332688
2018-06-04,1334.000000,1334.000000,1293.000000,1303.949951,1301.936157,1462047
2018-06-05,1303.949951,1312.650024,1297.199951,1304.699951,1302.684937,2085438
2018-06-06,1307.000000,1320.949951,1300.000000,1315.699951,1313.667847,1030269
2018-06-07,1324.000000,1334.699951,1306.500000,1310.449951,1308.425903,2049203
2018-06-08,1308.000000,1324.949951,1301.250000,1318.349976,1316.313721,1848047
2018-06-11,1324.000000,1329.849976,1319.000000,1323.349976,1321.306030,1311222
2018-06-12,1329.000000,1332.650024,1320.099976,1329.300049,1327.247070,977752
2018-06-13,1331.400024,1331.599976,1312.650024,1325.650024,1323.602661,1495398
2018-06-14,1324.949951,1338.050049,1319.500000,1332.650024,1330.591797,1584229
2018-06-15,1332.599976,1344.500000,1322.349976,1340.000000,1337.930420,1658235
2018-06-18,1340.000000,1341.000000,1311.750000,1315.300049,1313.268677,1803688
2018-06-19,1315.300049,1322.150024,1300.199951,1303.250000,1301.237183,1616945
2018-06-20,1309.000000,1328.400024,1299.050049,1324.599976,1322.554199,1125338
2018-06-21,1332.000000,1332.000000,1311.099976,1313.949951,1311.920654,915466
2018-06-22,1318.250000,1324.000000,1308.449951,1321.400024,1319.359253,1267210
2018-06-25,1321.000000,1335.000000,1315.000000,1328.000000,1325.948975,1051297
2018-06-26,1322.000000,1342.099976,1320.150024,1329.849976,1327.796143,1637022
2018-06-27,1332.000000,1339.800049,1320.099976,1324.199951,1322.154907,1308470
2018-06-28,1319.000000,1349.900024,1312.099976,1339.099976,1337.031860,4308361
2018-06-29,1336.000000,1360.000000,1335.300049,1342.949951,1340.875854,2305393
2018-07-02,1348.849976,1354.400024,1332.000000,1337.949951,1335.883545,1301687
2018-07-03,1337.000000,1357.000000,1327.599976,1353.150024,1351.060181,1487237
2018-07-04,1355.099976,1369.900024,1346.349976,1365.250000,1363.141357,1347778
2018-07-05,1373.000000,1377.550049,1363.500000,1365.000000,1362.891846,1814111
2018-07-06,1358.199951,1376.800049,1358.199951,1371.199951,1369.082153,1042184
2018-07-09,1374.900024,1387.750000,1367.500000,1385.099976,1382.960693,1875664
2018-07-10,1386.150024,1388.599976,1366.199951,1372.150024,1370.030884,1476023
2018-07-11,1371.849976,1389.849976,1367.000000,1386.949951,1385.514771,1447218
2018-07-12,1394.900024,1400.500000,1382.199951,1389.800049,1388.361816,1599679
2018-07-13,1385.250000,1411.900024,1385.250000,1404.349976,1402.896729,1439199
2018-07-16,1409.800049,1417.000000,1398.199951,1408.449951,1406.992432,1505129
2018-07-17,1408.449951,1415.750000,1393.199951,1400.599976,1399.150513,1449255
2018-07-18,1404.000000,1407.949951,1392.199951,1398.550049,1397.102783,1373015
2018-07-19,1408.000000,1408.000000,1333.849976,1347.400024,1346.005737,6013280
2018-07-20,1340.000000,1366.550049,1331.000000,1333.300049,1331.920288,3305843
2018-07-23,1330.000000,1351.000000,1322.300049,1337.050049,1335.666504,1957666
2018-07-24,1342.000000,1348.949951,1305.150024,1312.250000,1310.891968,3125964
2018-07-25,1309.000000,1317.500000,1294.000000,1314.900024,1313.539429,3117078
2018-07-26,1311.650024,1322.500000,1294.349976,1311.250000,1309.893066,3664497
2018-07-27,1313.050049,1327.000000,1305.650024,1311.099976,1309.743164,1885821
2018-07-30,1307.900024,1307.900024,1285.500000,1305.250000,1303.899292,1720338
2018-07-31,1303.800049,1313.599976,1287.150024,1306.849976,1305.497559,1827739
2018-08-01,1304.849976,1326.099976,1304.849976,1312.699951,1311.341553,1684489
2018-08-02,1309.650024,1311.000000,1276.699951,1280.199951,1278.875244,2065057
2018-08-03,1297.000000,1314.000000,1289.349976,1309.500000,1308.144897,2745717
2018-08-06,1313.949951,1314.000000,1279.000000,1282.800049,1281.472534,1895761
2018-08-07,1287.000000,1298.900024,1274.150024,1283.699951,1282.371460,1751392
2018-08-08,1288.000000,1299.699951,1282.550049,1288.300049,1286.966919,1517072
2018-08-09,1292.000000,1292.000000,1270.099976,1277.250000,1275.928345,1422779
2018-08-10,1273.050049,1289.900024,1272.000000,1285.500000,1284.169678,1539484
2018-08-13,1275.000000,1291.250000,1275.000000,1287.150024,1285.817993,1981311
2018-08-14,1290.000000,1298.800049,1285.000000,1293.000000,1291.661987,1605329
2018-08-16,1270.000000,1272.000000,1242.750000,1245.400024,1244.111206,5749494
2018-08-17,1252.000000,1273.949951,1245.000000,1263.250000,1261.942749,3253970
2018-08-20,1263.250000,1280.250000,1261.449951,1274.750000,1273.430908,1054743
2018-08-21,1269.250000,1272.599976,1260.250000,1263.400024,1262.092651,1143471
2018-08-23,1264.000000,1264.000000,1238.000000,1247.699951,1246.408813,3151993
2018-08-24,1248.900024,1263.949951,1242.349976,1254.500000,1253.201782,2214361
2018-08-27,1260.050049,1284.949951,1258.300049,1274.900024,1273.580688,2499503
2018-08-28,1279.400024,1295.000000,1275.150024,1285.099976,1283.770142,1608796
2018-08-29,1282.150024,1295.000000,1275.000000,1288.599976,1287.266479,1473564
2018-08-30,1282.000000,1282.000000,1263.400024,1278.050049,1276.727417,2372843
2018-08-31,1275.550049,1294.000000,1275.550049,1287.250000,1285.917969,1569633
2018-09-03,1292.000000,1295.000000,1265.000000,1269.099976,1267.786743,2076747
2018-09-04,1270.000000,1275.300049,1251.099976,1257.599976,1256.298462,2001489
2018-09-05,1257.000000,1266.000000,1227.599976,1238.150024,1236.868652,2262546
2018-09-06,1242.000000,1264.599976,1238.150024,1260.900024,1259.595215,2947633
2018-09-07,1257.000000,1260.000000,1238.099976,1244.949951,1243.661621,1452290
2018-09-10,1241.000000,1241.500000,1215.000000,1223.349976,1222.084106,2437820
2018-09-11,1227.000000,1227.650024,1203.750000,1206.400024,1205.151611,2287373
2018-09-12,1206.000000,1233.750000,1200.000000,1230.400024,1229.126831,2105288
2018-09-14,1240.000000,1244.650024,1228.550049,1239.550049,1238.267334,1921249
2018-09-17,1227.650024,1238.900024,1221.650024,1230.400024,1229.126831,1861679
2018-09-18,1227.949951,1233.849976,1210.500000,1215.300049,1214.042358,2270665
2018-09-19,1217.000000,1234.000000,1217.000000,1226.900024,1225.630371,2077024
2018-09-21,1227.000000,1246.000000,1143.000000,1180.199951,1178.978638,4533128
2018-09-24,1180.000000,1182.949951,1144.300049,1148.699951,1147.511230,3457790
2018-09-25,1146.000000,1191.099976,1120.150024,1183.349976,1182.125366,3776071
2018-09-26,1186.099976,1188.650024,1161.300049,1169.400024,1168.189941,2446177
2018-09-27,1172.000000,1177.150024,1138.949951,1142.449951,1141.267700,3967316
2018-09-28,1147.000000,1163.000000,1133.349976,1141.599976,1140.418579,3421603
2018-10-01,1090.000000,1130.800049,1002.200012,1122.000000,1120.838867,10535080
2018-10-03,1116.900024,1138.550049,1086.099976,1098.250000,1097.113525,2961974
2018-10-04,1085.000000,1094.550049,1056.599976,1074.500000,1073.388184,3439111
2018-10-05,1070.699951,1088.949951,1040.449951,1052.199951,1051.111084,3767039
2018-10-08,1050.050049,1116.800049,1044.150024,1104.300049,1103.157227,4067810
2018-10-09,1106.000000,1126.500000,1085.500000,1108.449951,1107.302979,3114848
2018-10-10,1113.500000,1146.599976,1112.250000,1137.750000,1136.572510,3385261
2018-10-11,1100.000000,1120.000000,1095.000000,1115.550049,1114.395630,2283217
2018-10-12,1122.000000,1173.150024,1122.000000,1167.150024,1165.942261,6276615
2018-10-15,1170.000000,1183.800049,1157.500000,1170.449951,1169.238770,3181839
2018-10-16,1171.500000,1181.699951,1162.750000,1175.750000,1174.533325,3685402
2018-10-17,1185.000000,1188.650024,1172.250000,1176.000000,1174.783081,4792844
2018-10-19,1165.000000,1206.000000,1160.599976,1198.949951,1197.709229,3566784
2018-10-22,1205.199951,1219.199951,1157.500000,1164.000000,1162.795532,4342603
2018-10-23,1150.000000,1179.800049,1143.550049,1174.449951,1173.234497,2237537
2018-10-24,1185.000000,1195.050049,1153.949951,1177.099976,1175.881958,4309834
2018-10-25,1173.000000,1194.199951,1165.000000,1185.800049,1184.572876,3613893
2018-10-26,1185.000000,1193.000000,1152.300049,1158.599976,1157.401001,1842212
2018-10-29,1152.099976,1152.900024,1098.449951,1138.099976,1136.922241,3711300
2018-10-30,1140.000000,1146.000000,1115.300049,1123.800049,1122.637085,1950633
2018-10-31,1129.099976,1135.000000,1107.000000,1119.150024,1117.991943,2764840
2018-11-01,1123.699951,1126.750000,1101.099976,1109.550049,1108.401855,2669317
2018-11-02,1118.250000,1146.000000,1112.500000,1133.199951,1132.027344,3900710
2018-11-05,1135.000000,1135.000000,1115.500000,1129.449951,1128.281128,1403820
2018-11-06,1128.449951,1140.000000,1121.150024,1125.300049,1124.135498,2106333
2018-11-07,1134.000000,1139.300049,1132.349976,1134.300049,1133.126343,163566
2018-11-09,1132.000000,1138.849976,1115.750000,1135.550049,1134.374878,1636807
2018-11-12,1139.000000,1161.949951,1138.150024,1153.699951,1152.506104,2287379
2018-11-13,1150.000000,1171.400024,1140.000000,1165.900024,1164.693481,2117621
2018-11-14,1170.099976,1175.000000,1122.400024,1129.900024,1128.730713,2706898
2018-11-15,1139.000000,1166.000000,1132.000000,1162.250000,1161.047241,3049191
2018-11-16,1172.000000,1173.000000,1152.750000,1168.599976,1167.390625,1862043
2018-11-19,1175.000000,1188.949951,1165.000000,1175.250000,1174.033813,2005694
2018-11-20,1170.000000,1178.300049,1162.150024,1169.949951,1168.739258,1805161
2018-11-21,1169.949951,1185.000000,1169.849976,1176.699951,1175.482300,1432572
2018-11-22,1171.000000,1182.000000,1167.599976,1170.599976,1169.388550,1257089
2018-11-26,1173.150024,1180.000000,1153.050049,1170.550049,1169.338745,2456379
2018-11-27,1163.099976,1178.949951,1163.099976,1173.550049,1172.335571,1737759
2018-11-28,1172.150024,1187.699951,1157.599976,1160.250000,1159.049316,1950956
2018-11-29,1165.500000,1219.900024,1157.000000,1212.949951,1211.694824,6607241
2018-11-30,1209.000000,1238.400024,1197.699951,1233.949951,1232.673096,3005495
2018-12-03,1240.000000,1244.000000,1218.400024,1226.099976,1224.831177,1817913
2018-12-04,1227.000000,1236.300049,1210.000000,1225.300049,1224.032104,1565130
2018-12-05,1221.550049,1228.400024,1203.000000,1211.500000,1210.246338,2856527
2018-12-06,1205.000000,1205.000000,1171.150024,1180.250000,1179.028687,3097300
2018-12-07,1181.000000,1345.949951,1176.150024,1279.650024,1278.325806,33807619
2018-12-10,1244.099976,1289.900024,1188.000000,1198.349976,1197.109863,18948035
2018-12-11,1189.000000,1239.000000,1171.000000,1218.699951,1217.438843,10078591
2018-12-12,1229.400024,1261.000000,1224.199951,1237.150024,1235.869873,6563999
2018-12-13,1240.000000,1271.800049,1228.599976,1264.400024,1263.091553,4227732
2018-12-14,1264.400024,1271.699951,1247.099976,1255.949951,1254.650269,2671529
2018-12-17,1260.000000,1266.000000,1207.050049,1222.449951,1221.184937,7385641
2018-12-18,1214.900024,1239.650024,1214.000000,1237.099976,1235.819824,3678466
2018-12-19,1238.800049,1245.699951,1222.099976,1225.650024,1224.381714,3032003
2018-12-20,1219.800049,1239.400024,1215.599976,1236.300049,1235.020630,2300954
2018-12-21,1240.000000,1242.900024,1223.650024,1227.199951,1225.930054,2208029
2018-12-24,1230.000000,1243.449951,1221.000000,1238.500000,1237.218384,1539829
2018-12-26,1234.500000,1250.800049,1210.500000,1248.150024,1246.858398,2379224
2018-12-27,1257.250000,1258.650024,1235.349976,1240.250000,1238.966553,2653738
2018-12-28,1244.250000,1250.900024,1235.050049,1241.349976,1240.065308,1740134
2018-12-31,1237.000000,1262.500000,1233.500000,1256.500000,1255.199707,2324352
2019-01-01,1254.000000,1256.000000,1242.250000,1250.449951,1249.156006,1202580
2019-01-02,1247.900024,1248.250000,1227.000000,1240.599976,1239.316284,1713677
2019-01-03,1240.000000,1251.000000,1227.650024,1235.250000,1233.971680,1825888
2019-01-04,1238.000000,1252.000000,1230.000000,1247.949951,1246.658569,1468796
2019-01-07,1250.949951,1254.000000,1241.000000,1246.599976,1245.309937,1211456
2019-01-08,1243.000000,1244.199951,1225.949951,1228.900024,1227.628296,1661528
2019-01-09,1237.349976,1244.000000,1228.099976,1238.250000,1236.968628,1647622
2019-01-10,1239.000000,1242.000000,1216.349976,1219.550049,1218.287964,1651443
2019-01-11,1225.000000,1229.199951,1213.199951,1223.199951,1221.934082,2129299
2019-01-14,1217.000000,1224.449951,1206.400024,1211.750000,1210.496094,1364695
2019-01-15,1217.000000,1220.000000,1210.300049,1213.400024,1212.144409,1153871
2019-01-16,1215.699951,1216.949951,1198.000000,1202.750000,1201.505371,2374649
2019-01-17,1208.000000,1225.050049,1200.000000,1219.949951,1218.687500,3934500
2019-01-18,1220.099976,1243.000000,1216.500000,1240.199951,1238.916504,2598572
2019-01-21,1240.699951,1275.500000,1222.650024,1267.599976,1266.288208,9785366
2019-01-22,1279.000000,1307.949951,1273.099976,1291.750000,1290.413330,9072680
2019-01-23,1298.900024,1298.900024,1271.050049,1276.500000,1275.179077,3258582
2019-01-24,1274.000000,1276.500000,1263.000000,1267.750000,1266.438110,1459776
2019-01-25,1268.800049,1287.699951,1258.550049,1266.150024,1264.839844,1441296
2019-01-28,1269.000000,1285.000000,1255.000000,1260.449951,1259.145630,2054592
2019-01-29,1260.000000,1273.000000,1248.000000,1251.400024,1250.105103,2591590
2019-01-30,1255.000000,1255.500000,1217.800049,1222.199951,1220.935181,2754232
2019-01-31,1222.000000,1260.000000,1211.400024,1255.750000,1254.450562,2968660
2019-02-01,1257.050049,1270.800049,1240.199951,1255.699951,1254.400513,2189154
2019-02-04,1245.000000,1274.699951,1245.000000,1272.199951,1270.883423,1379319
2019-02-05,1276.000000,1287.000000,1267.500000,1279.150024,1277.826294,1917782
2019-02-06,1280.000000,1288.800049,1276.349976,1279.500000,1278.175903,1158741
2019-02-07,1280.000000,1295.000000,1275.300049,1284.550049,1283.220825,1198410
2019-02-08,1284.000000,1311.000000,1277.300049,1299.400024,1298.055420,2481433
2019-02-11,1296.000000,1315.000000,1294.000000,1301.550049,1300.203247,3144675
2019-02-12,1300.000000,1310.000000,1295.300049,1298.650024,1297.306152,1482010
2019-02-14,1302.000000,1302.250000,1271.550049,1286.800049,1285.468506,2491111
2019-02-15,1287.800049,1290.000000,1270.000000,1283.650024,1282.321777,2006955
2019-02-18,1281.000000,1288.000000,1273.250000,1277.050049,1275.728516,1265173
2019-02-19,1277.000000,1285.250000,1271.849976,1280.449951,1279.125000,1268328
2019-02-20,1281.300049,1292.000000,1279.199951,1289.750000,1288.415405,1350202
2019-02-21,1291.900024,1297.599976,1283.500000,1289.150024,1287.815918,1819094
2019-02-22,1251.000000,1258.000000,1225.000000,1237.900024,1236.619019,83859904
2019-02-25,1243.400024,1246.849976,1230.000000,1240.949951,1239.665771,3735590
2019-02-26,1224.000000,1249.699951,1220.099976,1236.150024,1234.870850,5026571
2019-02-27,1238.000000,1241.599976,1211.099976,1216.150024,1214.891479,5388722
2019-02-28,1213.199951,1225.050049,1210.000000,1213.099976,1211.844604,8722836
2019-03-01,1221.699951,1230.500000,1217.349976,1225.949951,1224.681274,2162834
2019-03-05,1223.900024,1246.300049,1217.800049,1240.449951,1239.166260,3128451
2019-03-06,1242.099976,1247.000000,1236.599976,1241.300049,1240.015503,2306834
2019-03-07,1244.000000,1246.000000,1235.199951,1237.199951,1235.919678,1434561
2019-03-08,1237.000000,1243.500000,1231.699951,1238.900024,1237.617920,1051433
2019-03-11,1238.000000,1254.900024,1234.000000,1249.550049,1248.256958,2065386
2019-03-12,1260.449951,1272.000000,1253.099976,1263.349976,1262.042603,3541360
2019-03-13,1263.500000,1269.099976,1247.050049,1261.250000,1259.944824,2425470
2019-03-14,1263.000000,1277.449951,1257.000000,1268.949951,1267.636719,2497386
2019-03-15,1271.900024,1339.349976,1270.000000,1325.150024,1323.778687,10393505
2019-03-18,1340.000000,1360.000000,1330.800049,1343.650024,1342.259644,5384740
2019-03-19,1350.000000,1355.000000,1338.550049,1347.750000,1346.355347,3117212
2019-03-20,1349.099976,1357.900024,1331.000000,1351.599976,1350.201294,3969408
2019-03-22,1354.699951,1364.650024,1331.000000,1336.250000,1334.867188,2620049
2019-03-25,1325.949951,1330.849976,1303.199951,1308.650024,1307.295776,2869564
2019-03-26,1312.250000,1347.949951,1310.050049,1342.949951,1341.560303,2051170
2019-03-27,1349.949951,1363.900024,1325.050049,1332.849976,1331.470703,3039458
2019-03-28,1338.000000,1352.000000,1328.900024,1340.750000,1339.362671,4616695
2019-04-01,1336.000000,1362.000000,1326.050049,1339.400024,1338.013916,3167512
2019-04-02,1344.000000,1344.849976,1328.000000,1339.449951,1338.063843,1775599
2019-04-03,1342.000000,1357.449951,1331.000000,1334.199951,1332.819214,2766566
2019-04-04,1337.400024,1344.750000,1317.050049,1322.900024,1321.531006,2592949
2019-04-05,1330.000000,1340.050049,1326.150024,1335.949951,1334.567505,1743729
2019-04-08,1341.000000,1347.500000,1333.199951,1343.250000,1341.859863,1587867
2019-04-09,1339.949951,1347.150024,1322.099976,1341.449951,1340.061768,2246843
2019-04-10,1338.050049,1367.949951,1338.050049,1349.900024,1348.503052,3031207
2019-04-11,1349.699951,1349.949951,1333.550049,1343.199951,1341.810059,1348573
2019-04-12,1343.199951,1348.000000,1336.550049,1343.449951,1342.059814,1704832
2019-04-15,1348.000000,1378.000000,1343.449951,1373.849976,1372.428223,2879023
2019-04-16,1382.400024,1390.449951,1370.099976,1386.400024,1384.965332,2332796
2019-04-18,1386.400024,1392.000000,1362.849976,1369.650024,1368.232666,2408936
2019-04-22,1360.000000,1365.800049,1346.099976,1356.699951,1355.296021,2419108
2019-04-23,1357.949951,1368.550049,1351.000000,1355.349976,1353.947388,1619687
2019-04-24,1355.000000,1370.000000,1339.650024,1366.750000,1365.335693,1934411
2019-04-25,1368.900024,1377.000000,1355.000000,1360.400024,1358.992310,1807598
2019-04-26,1362.000000,1384.400024,1342.800049,1379.250000,1377.822754,2560864
2019-04-30,1382.199951,1397.000000,1351.050049,1386.550049,1385.115112,6210573
2019-05-02,1394.000000,1421.750000,1382.500000,1406.349976,1404.894653,4780805
2019-05-03,1406.400024,1435.750000,1400.199951,1417.800049,1416.332764,4269675
2019-05-06,1400.000000,1417.000000,1399.699951,1410.400024,1408.940552,2109507
2019-05-07,1410.000000,1425.000000,1399.250000,1408.150024,1406.692871,2786736
2019-05-08,1404.000000,1414.900024,1388.699951,1402.199951,1400.748901,2539315
2019-05-09,1394.199951,1407.900024,1366.300049,1385.500000,1384.066284,4704782
2019-05-10,1370.000000,1406.500000,1368.099976,1398.150024,1396.703125,4149709
2019-05-13,1396.000000,1399.750000,1380.050049,1389.349976,1387.912231,1654964
2019-05-14,1388.500000,1397.000000,1368.599976,1382.949951,1381.518799,2930296
2019-05-15,1384.000000,1403.550049,1378.699951,1395.800049,1394.355713,2122200
2019-05-16,1396.900024,1423.449951,1378.650024,1413.150024,1411.687622,1423360
2019-05-17,1416.000000,1469.800049,1415.400024,1460.000000,1458.489136,3799219
2019-05-20,1491.000000,1505.300049,1461.099976,1502.550049,1500.995117,4668729
2019-05-21,1503.000000,1514.800049,1483.800049,1487.900024,1486.360352,3224278
2019-05-22,1493.000000,1517.699951,1488.699951,1495.250000,1493.702759,2498663
2019-05-23,1519.000000,1555.900024,1489.199951,1499.750000,1498.197998,5796574
2019-05-24,1510.000000,1524.000000,1490.000000,1511.699951,1510.135620,2873390
2019-05-27,1506.650024,1533.000000,1500.000000,1529.400024,1527.817383,2228063
2019-05-28,1533.000000,1533.000000,1500.000000,1511.000000,1509.436401,1993302
2019-05-29,1509.300049,1530.000000,1502.000000,1513.900024,1512.333374,1450826
2019-05-30,1513.900024,1541.750000,1511.900024,1535.349976,1533.761230,2939419
2019-05-31,1536.000000,1544.000000,1467.400024,1522.150024,1520.574829,2760214
2019-06-03,1513.199951,1534.800049,1506.000000,1531.250000,1529.665405,1235302
2019-06-04,1530.000000,1540.000000,1522.199951,1531.349976,1529.765259,1174433
2019-06-06,1532.550049,1540.900024,1501.000000,1514.250000,1512.683105,2044919
2019-06-07,1523.800049,1523.800049,1487.750000,1511.800049,1510.235596,1533892
2019-06-10,1503.300049,1510.900024,1486.599976,1502.599976,1501.045044,1715150
2019-06-11,1509.300049,1514.250000,1492.550049,1507.699951,1506.139771,944811
2019-06-12,1500.000000,1502.500000,1476.150024,1483.500000,1481.964722,1768429
2019-06-13,1482.000000,1509.000000,1476.949951,1504.000000,1502.443604,2303315
2019-06-14,1504.050049,1504.050049,1465.599976,1473.849976,1472.324829,1953510
2019-06-17,1478.000000,1478.400024,1451.099976,1460.349976,1458.838867,2366222
2019-06-18,1465.000000,1474.500000,1455.150024,1461.849976,1460.337158,2424818
2019-06-19,1473.000000,1504.800049,1471.900024,1497.800049,1496.250000,3891330
2019-06-20,1500.500000,1520.000000,1497.000000,1518.349976,1516.778809,2567566
2019-06-21,1516.000000,1516.000000,1483.199951,1489.800049,1488.258423,1214842
2019-06-24,1489.000000,1497.300049,1464.349976,1470.599976,1469.078125,2026531
2019-06-25,1471.849976,1491.250000,1467.000000,1483.900024,1482.364502,2052490
2019-06-26,1485.000000,1496.000000,1475.349976,1490.599976,1489.057495,2210462
2019-06-27,1500.000000,1506.699951,1477.500000,1481.599976,1480.066772,3860539
2019-06-28,1485.000000,1486.099976,1471.599976,1477.099976,1475.571411,1814086
2019-07-01,1486.900024,1490.900024,1469.400024,1481.199951,1479.667236,1904359
2019-07-02,1483.900024,1486.949951,1467.050049,1471.500000,1469.977173,1803732
2019-07-03,1473.949951,1482.000000,1462.349976,1475.000000,1473.473633,2647048
2019-07-04,1475.000000,1504.849976,1475.000000,1497.800049,1496.250000,3025925
2019-07-05,1504.849976,1520.000000,1500.050049,1517.199951,1515.630005,2967320
2019-07-08,1513.400024,1513.400024,1470.050049,1475.300049,1473.773438,1792258
2019-07-09,1471.000000,1473.000000,1440.000000,1462.849976,1461.336182,2297420
2019-07-10,1463.000000,1481.849976,1460.849976,1475.849976,1474.322754,2180732
2019-07-11,1479.000000,1493.800049,1472.050049,1484.949951,1483.413330,1598491
2019-07-12,1486.949951,1494.500000,1475.900024,1483.650024,1482.913696,2072545
2019-07-15,1489.000000,1510.949951,1478.599976,1508.099976,1507.351440,1752154
2019-07-16,1508.000000,1511.500000,1490.000000,1501.449951,1500.704712,1351435
2019-07-17,1501.900024,1546.849976,1497.050049,1534.599976,1533.838257,6202534
2019-07-18,1531.349976,1543.250000,1526.199951,1538.250000,1537.486572,2266820
2019-07-19,1540.000000,1540.750000,1490.000000,1498.900024,1498.156128,2094229
2019-07-22,1493.000000,1496.949951,1442.150024,1454.300049,1453.578247,3423157
2019-07-23,1460.000000,1512.000000,1455.250000,1494.000000,1493.258545,7659628
2019-07-24,1493.000000,1510.000000,1476.550049,1497.199951,1496.456909,2938236
2019-07-25,1492.000000,1504.000000,1479.949951,1485.050049,1484.312988,2838923
2019-07-26,1490.000000,1517.949951,1477.050049,1511.849976,1511.099609,1681353
2019-07-29,1513.750000,1524.449951,1497.199951,1502.500000,1501.754272,2099735
2019-07-30,1505.000000,1509.599976,1484.050049,1498.699951,1497.956055,1743748
2019-07-31,1490.099976,1534.699951,1480.750000,1519.550049,1518.795898,2947808
2019-08-01,1505.949951,1519.000000,1486.000000,1495.800049,1495.057617,2257753
2019-08-02,1488.000000,1514.949951,1470.050049,1507.599976,1506.851685,3870809
2019-08-05,1495.000000,1495.000000,1455.050049,1460.099976,1459.375244,3864546
2019-08-06,1454.300049,1493.849976,1451.650024,1485.300049,1484.562866,2830608
2019-08-07,1493.900024,1499.599976,1465.550049,1476.300049,1475.567261,2362381
2019-08-08,1485.000000,1509.800049,1466.949951,1502.750000,1502.004150,1932121
2019-08-09,1506.000000,1535.500000,1504.250000,1532.099976,1531.339600,2445659
2019-08-13,1525.099976,1534.000000,1505.250000,1511.400024,1510.649902,2765975
2019-08-14,1515.000000,1515.400024,1479.449951,1491.800049,1491.059570,2354908
2019-08-16,1489.000000,1506.500000,1477.500000,1498.949951,1498.205933,2169754
2019-08-19,1505.000000,1519.500000,1490.550049,1496.349976,1495.607300,1547598
2019-08-20,1490.550049,1511.250000,1482.650024,1505.099976,1504.352905,1724609
2019-08-21,1504.000000,1517.800049,1496.000000,1505.750000,1505.002686,1484415
2019-08-22,1503.949951,1510.000000,1472.400024,1478.250000,1477.516357,1874751
2019-08-23,1479.900024,1487.000000,1446.099976,1470.199951,1469.470215,3615793
2019-08-26,1500.000000,1519.500000,1453.099976,1512.800049,1512.049194,2187678
2019-08-27,1514.000000,1522.750000,1494.449951,1501.550049,1500.804810,2740804
2019-08-28,1499.199951,1501.000000,1473.349976,1483.650024,1482.913696,2291006
2019-08-29,1479.500000,1479.500000,1446.750000,1450.849976,1450.129883,3931367
2019-08-30,1448.099976,1459.599976,1423.099976,1431.449951,1430.739502,4717533
2019-09-03,1429.000000,1429.000000,1405.050049,1414.300049,1413.598145,2752565
2019-09-04,1414.099976,1438.000000,1398.650024,1426.449951,1425.741943,2419629
2019-09-05,1431.900024,1441.849976,1405.449951,1410.150024,1409.450073,2381023
2019-09-06,1412.500000,1444.599976,1412.500000,1441.550049,1440.834595,2245219
2019-09-09,1439.000000,1474.550049,1424.050049,1471.300049,1470.569824,3212756
2019-09-11,1471.300049,1478.900024,1459.000000,1475.199951,1474.467773,2604896
2019-09-12,1480.000000,1483.650024,1452.000000,1457.550049,1456.826660,2424954
2019-09-13,1457.000000,1486.000000,1447.199951,1484.250000,1483.513306,1768490
2019-09-16,1474.000000,1491.849976,1465.000000,1474.949951,1474.217896,1857768
2019-09-17,1471.250000,1480.949951,1444.000000,1448.300049,1447.581177,1354586
2019-09-18,1450.000000,1478.949951,1449.900024,1464.750000,1464.022949,1854425
2019-09-19,1464.800049,1464.800049,1445.000000,1452.599976,1451.879028,1449873
2019-09-20,1455.000000,1598.900024,1450.500000,1538.849976,1538.086182,7159489
2019-09-23,1575.000000,1652.000000,1528.800049,1640.599976,1639.785645,6854029
2019-09-24,1633.300049,1641.699951,1590.000000,1618.099976,1617.296875,3770541
2019-09-25,1617.000000,1617.000000,1580.500000,1601.599976,1600.805054,3567544
2019-09-26,1607.000000,1683.949951,1605.250000,1626.849976,1626.042480,4308028
2019-09-27,1615.849976,1649.400024,1605.949951,1643.500000,1642.684326,2582561
2019-09-30,1635.099976,1662.000000,1614.300049,1644.449951,1643.633789,3357859
2019-10-01,1638.800049,1657.000000,1623.699951,1648.199951,1647.381958,2925536
2019-10-03,1644.250000,1644.250000,1607.000000,1615.750000,1614.947998,2654566
2019-10-04,1630.000000,1633.699951,1557.300049,1563.150024,1562.374146,5487681
2019-10-07,1563.000000,1593.599976,1549.300049,1555.650024,1554.877930,3045534
2019-10-09,1559.300049,1627.750000,1547.750000,1612.349976,1611.549683,2598430
2019-10-10,1599.900024,1607.349976,1567.000000,1584.800049,1584.013428,1569421
2019-10-11,1595.199951,1625.000000,1575.199951,1587.750000,1586.961914,2425841
2019-10-14,1598.000000,1609.000000,1576.250000,1585.500000,1584.713013,2010190
2019-10-15,1595.400024,1629.500000,1577.500000,1615.599976,1614.798096,2706471
2019-10-16,1615.000000,1623.300049,1592.599976,1605.550049,1604.753174,2686333
2019-10-17,1610.000000,1613.599976,1586.500000,1604.550049,1603.753662,2076349
2019-10-18,1603.800049,1619.599976,1591.000000,1615.250000,1614.448364,2357607
2019-10-22,1626.849976,1643.000000,1592.000000,1628.849976,1628.041504,4895082
2019-10-23,1630.000000,1638.699951,1603.300049,1613.650024,1612.849121,3085230
2019-10-24,1619.900024,1629.900024,1597.550049,1613.199951,1612.399292,1600001
2019-10-25,1613.849976,1613.849976,1569.150024,1588.599976,1587.811523,2867020
2019-10-27,1594.000000,1601.000000,1590.150024,1593.000000,1592.209351,197609
2019-10-29,1597.400024,1597.400024,1568.000000,1575.550049,1574.768066,3002530
2019-10-30,1579.900024,1588.550049,1573.800049,1578.900024,1578.116333,1677269
2019-10-31,1583.949951,1605.000000,1566.000000,1574.500000,1573.718506,2481421
2019-11-01,1572.000000,1585.949951,1563.000000,1579.900024,1579.115845,2219737
2019-11-04,1584.000000,1596.800049,1565.000000,1571.050049,1570.270264,1434393
2019-11-05,1568.599976,1569.750000,1550.300049,1553.900024,1553.128784,2263394
2019-11-06,1556.449951,1587.949951,1541.000000,1571.050049,1570.270264,2247235
2019-11-07,1577.000000,1587.000000,1558.949951,1584.000000,1583.213867,2511912
2019-11-08,1578.900024,1606.000000,1572.000000,1600.250000,1599.455811,3913627
2019-11-11,1594.900024,1619.400024,1592.000000,1616.900024,1616.097534,2923574
2019-11-13,1617.000000,1628.000000,1601.099976,1605.800049,1605.003052,2603834
2019-11-14,1606.000000,1610.400024,1584.050049,1597.599976,1596.807007,2639298
2019-11-15,1606.000000,1629.000000,1602.500000,1622.750000,1621.944580,2068406
2019-11-18,1626.650024,1635.000000,1616.550049,1627.199951,1626.392334,2014974
2019-11-19,1629.900024,1631.099976,1614.150024,1623.800049,1622.994141,1596482
2019-11-20,1623.000000,1623.800049,1596.199951,1599.449951,1598.656128,1562436
2019-11-21,1603.449951,1604.900024,1587.500000,1595.250000,1594.458252,1673814
2019-11-22,1591.949951,1593.900024,1565.099976,1569.099976,1568.321167,1862434
2019-11-25,1574.000000,1606.000000,1570.050049,1603.650024,1602.854126,2018421
2019-11-26,1601.000000,1610.500000,1591.300049,1604.400024,1603.603760,1556808
2019-11-27,1604.949951,1624.000000,1601.699951,1617.900024,1617.097046,2040883
2019-11-28,1617.000000,1626.099976,1607.099976,1615.000000,1614.198486,2237760
2019-11-29,1610.000000,1622.000000,1592.300049,1615.199951,1614.398315,1730478
2019-12-02,1614.500000,1636.500000,1600.199951,1633.000000,1632.189453,2289704
2019-12-03,1634.500000,1650.000000,1631.449951,1646.750000,1645.932617,2321783
2019-12-04,1643.300049,1659.900024,1633.199951,1651.250000,1650.430420,2704079
2019-12-05,1651.250000,1660.000000,1640.400024,1649.300049,1648.481445,2936890
2019-12-06,1650.000000,1680.000000,1643.300049,1674.300049,1673.468994,3799507
2019-12-09,1677.949951,1679.000000,1656.500000,1659.250000,1658.426514,1893740
2019-12-10,1665.000000,1665.949951,1651.050049,1662.400024,1661.574951,1413156
2019-12-11,1666.000000,1690.849976,1659.099976,1686.550049,1685.713013,2029117
2019-12-12,1690.199951,1720.000000,1682.000000,1715.599976,1714.748535,2695588
2019-12-13,1716.199951,1719.000000,1687.250000,1692.750000,1691.909790,3527634
2019-12-16,1694.000000,1730.000000,1694.000000,1703.949951,1703.104248,3662127
2019-12-17,1716.050049,1721.400024,1708.599976,1713.300049,1712.449707,2646882
2019-12-18,1719.000000,1725.949951,1706.300049,1724.349976,1723.494141,4592668
2019-12-19,1724.949951,1734.800049,1715.300049,1729.500000,1728.641602,2701502
2019-12-20,1723.150024,1724.400024,1687.300049,1692.699951,1691.859863,3058679
2019-12-23,1699.000000,1711.199951,1695.099976,1704.900024,1704.053833,1745488
2019-12-24,1704.949951,1716.500000,1700.000000,1711.550049,1710.700562,1702704
2019-12-26,1711.050049,1715.000000,1689.699951,1694.250000,1693.409058,1646970
2019-12-27,1705.000000,1705.000000,1681.349976,1685.599976,1684.763306,1529366
2019-12-30,1690.000000,1706.800049,1685.500000,1690.400024,1689.561035,1868284
2019-12-31,1690.400024,1691.250000,1670.349976,1684.349976,1683.514038,1969679
2020-01-01,1689.000000,1696.750000,1672.000000,1674.050049,1673.219116,1475056
2020-01-02,1680.000000,1683.500000,1664.650024,1671.550049,1670.720459,1852089
2020-01-03,1670.949951,1673.000000,1645.550049,1657.099976,1656.277466,1594089
2020-01-06,1657.099976,1657.449951,1638.599976,1652.550049,1651.729858,1480087
2020-01-07,1661.050049,1674.750000,1650.400024,1670.849976,1670.020630,2497931
2020-01-08,1654.699951,1661.449951,1638.000000,1654.849976,1654.028687,3125931
2020-01-09,1673.500000,1673.750000,1658.699951,1665.050049,1664.223633,2668424
2020-01-10,1674.099976,1692.000000,1671.199951,1684.699951,1683.863770,2536083
2020-01-13,1692.000000,1704.500000,1685.550049,1691.099976,1690.260620,1807958
2020-01-14,1696.000000,1696.099976,1671.000000,1676.800049,1675.967773,2136892
2020-01-15,1675.949951,1686.599976,1665.900024,1675.599976,1674.768311,2490245
2020-01-16,1678.900024,1705.599976,1678.900024,1701.550049,1700.705566,3321282
2020-01-17,1703.900024,1705.849976,1690.099976,1698.099976,1697.257202,2295875
2020-01-20,1709.000000,1709.000000,1611.000000,1617.900024,1617.097046,8004034
2020-01-21,1605.000000,1630.599976,1585.199951,1625.099976,1624.293335,5745469
2020-01-22,1633.199951,1637.900024,1576.000000,1585.500000,1584.713013,5479162
2020-01-23,1588.000000,1608.400024,1581.300049,1605.849976,1605.052979,3495683
2020-01-24,1605.449951,1649.000000,1587.000000,1642.949951,1642.134521,4252937
2020-01-27,1628.699951,1629.000000,1608.400024,1618.349976,1617.546753,1874429
2020-01-28,1620.000000,1638.000000,1610.250000,1626.050049,1625.243042,1981104
2020-01-29,1633.000000,1646.199951,1623.050049,1640.449951,1639.635742,2227493
2020-01-30,1637.800049,1640.300049,1617.500000,1628.250000,1627.441895,1590156
2020-01-31,1709.650024,1729.000000,1683.150024,1691.750000,1690.910278,9495046
2020-02-03,1645.599976,1680.800049,1634.000000,1676.250000,1675.418091,2510294
2020-02-04,1684.050049,1702.800049,1670.150024,1698.300049,1697.457153,2070417
2020-02-05,1702.000000,1707.449951,1677.099976,1689.750000,1688.911377,2096512
2020-02-06,1693.900024,1697.900024,1668.000000,1674.000000,1673.169189,2532618
2020-02-07,1675.750000,1677.949951,1644.000000,1653.050049,1652.229614,2290151
2020-02-10,1660.000000,1674.599976,1645.699951,1669.300049,1668.471558,1355124
2020-02-11,1682.449951,1685.800049,1666.550049,1677.449951,1676.617432,1914766
2020-02-12,1680.099976,1720.000000,1675.000000,1714.900024,1714.048828,3010537
2020-02-13,1714.699951,1714.699951,1682.300049,1689.800049,1688.961304,2246920
2020-02-14,1696.000000,1703.000000,1663.599976,1680.949951,1680.115601,1892157
2020-02-17,1685.000000,1699.199951,1672.250000,1691.099976,1690.260620,1812765
2020-02-18,1682.500000,1699.800049,1678.300049,1691.000000,1690.160767,2219039
2020-02-19,1740.000000,1740.000000,1695.400024,1701.099976,1700.255615,3168534
2020-02-20,1697.300049,1699.250000,1676.199951,1685.949951,1685.113159,2099903
2020-02-24,1672.000000,1683.750000,1662.300049,1678.250000,1677.416992,1926133
2020-02-25,1676.199951,1689.699951,1668.349976,1675.800049,1674.968262,1535555
2020-02-26,1670.099976,1677.699951,1657.000000,1666.500000,1665.672852,2585895
2020-02-27,1666.000000,1688.900024,1660.599976,1682.750000,1681.914795,2689352
2020-02-28,1654.900024,1660.099976,1613.750000,1620.349976,1619.545776,3743312
2020-03-02,1631.000000,1637.300049,1584.199951,1599.000000,1598.206421,4762847
2020-03-03,1603.800049,1636.349976,1587.000000,1626.300049,1625.492920,2918386
2020-03-04,1632.199951,1633.099976,1577.599976,1607.949951,1607.151855,2530221
2020-03-05,1615.000000,1676.500000,1608.000000,1651.349976,1650.530396,5060962
2020-03-06,1605.199951,1644.000000,1598.199951,1631.050049,1630.240479,3542243
2020-03-09,1595.000000,1609.949951,1542.599976,1578.150024,1577.366699,5535501
2020-03-11,1575.949951,1604.900024,1542.500000,1589.300049,1588.511230,4714202
2020-03-12,1509.900024,1546.449951,1350.949951,1465.050049,1464.322876,7807913
2020-03-13,1400.000000,1505.000000,1172.050049,1470.050049,1469.320435,11408890
2020-03-16,1417.000000,1444.750000,1375.000000,1383.699951,1383.013184,6580520
2020-03-17,1392.000000,1402.949951,1303.099976,1322.699951,1322.043457,4821115
2020-03-18,1326.000000,1329.000000,1162.099976,1171.949951,1171.368286,11165442
2020-03-19,1095.050049,1253.599976,1001.000000,1210.849976,1210.249023,9917249
2020-03-20,1217.000000,1283.599976,1146.500000,1262.349976,1261.723389,10379190
2020-03-23,1137.500000,1204.449951,1078.150024,1098.250000,1097.704956,6694405
2020-03-24,1153.150024,1185.000000,1041.099976,1152.900024,1152.327759,7371834
2020-03-25,1140.000000,1324.000000,1125.050049,1290.150024,1289.509644,6449060
2020-03-26,1300.000000,1390.000000,1252.800049,1372.949951,1372.268555,7254949
2020-03-27,1436.000000,1450.000000,1374.550049,1399.099976,1398.405518,10223286
2020-03-30,1345.199951,1380.000000,1275.800049,1293.699951,1293.057861,5570325
2020-03-31,1328.300049,1330.000000,1285.000000,1296.050049,1295.406738,4476861
2020-04-01,1294.900024,1294.900024,1158.000000,1181.650024,1181.063599,10838462
2020-04-03,1181.650024,1183.000000,1087.000000,1140.849976,1140.283691,10111471
2020-04-07,1221.000000,1229.050049,1171.000000,1198.050049,1197.455444,8552570
2020-04-08,1184.800049,1242.550049,1160.349976,1187.650024,1187.060547,7405087
2020-04-09,1215.000000,1281.199951,1190.099976,1272.900024,1272.268188,8097402
2020-04-13,1250.000000,1257.150024,1216.000000,1250.900024,1250.279175,4250536
2020-04-15,1265.849976,1270.949951,1153.300049,1173.750000,1173.167480,9045676
2020-04-16,1164.949951,1164.949951,1114.449951,1130.849976,1130.288696,11055205
2020-04-17,1187.349976,1197.949951,1135.000000,1186.250000,1185.661255,8585395
2020-04-20,1220.000000,1224.500000,1172.250000,1177.750000,1177.165405,6560180
2020-04-21,1150.000000,1155.000000,1125.000000,1130.150024,1129.589111,4799796
2020-04-22,1127.050049,1166.750000,1108.199951,1152.150024,1151.578125,6963692
2020-04-23,1172.000000,1255.000000,1158.099976,1249.650024,1249.029785,10558247
2020-04-24,1219.000000,1258.000000,1213.349976,1239.550049,1238.934814,6784235
2020-04-27,1251.900024,1324.900024,1251.900024,1303.599976,1302.953003,7771412
2020-04-28,1310.099976,1336.500000,1310.099976,1326.650024,1325.991577,6678388
2020-04-29,1327.000000,1352.000000,1315.199951,1327.849976,1327.190918,6703229
2020-04-30,1340.000000,1380.000000,1334.050049,1357.199951,1356.526367,6272522
2020-05-04,1295.000000,1305.900024,1263.699951,1277.800049,1277.165894,5096439
2020-05-05,1297.000000,1302.900024,1225.000000,1238.349976,1237.735352,5004841
2020-05-06,1231.000000,1277.400024,1214.250000,1245.949951,1245.331543,4604274
2020-05-07,1230.500000,1240.000000,1184.250000,1199.800049,1199.204590,6843272
2020-05-08,1222.000000,1242.949951,1211.050049,1217.449951,1216.845703,3511204
2020-05-11,1240.550049,1252.300049,1185.000000,1188.449951,1187.860107,4674081
2020-05-12,1178.000000,1178.000000,1137.000000,1157.199951,1156.625610,10268550
2020-05-13,1215.050049,1220.000000,1172.699951,1186.699951,1186.110962,11914924
2020-05-14,1178.900024,1214.000000,1167.150024,1173.099976,1172.517700,7099970
2020-05-15,1179.849976,1189.900024,1154.199951,1178.300049,1177.715210,3863980
2020-05-18,1175.000000,1176.000000,1110.000000,1113.650024,1113.097290,6397416
2020-05-19,1150.000000,1169.900024,1125.300049,1130.449951,1129.888916,6382921
2020-05-20,1130.000000,1178.000000,1115.000000,1160.099976,1159.524170,5254388
2020-05-21,1165.000000,1189.550049,1144.599976,1150.250000,1149.679077,5977128
2020-05-22,1140.000000,1167.199951,1116.500000,1160.199951,1159.624146,5189748
2020-05-26,1160.000000,1175.000000,1144.550049,1153.199951,1152.627563,5470797
2020-05-27,1163.949951,1243.000000,1161.000000,1217.550049,1216.945801,11745366
2020-05-28,1224.000000,1254.900024,1209.599976,1229.449951,1228.839722,10710003
2020-05-29,1216.500000,1229.800049,1200.050049,1224.000000,1223.392456,5497352
2020-06-01,1249.000000,1279.199951,1238.000000,1248.400024,1247.780396,6943576
2020-06-02,1323.000000,1353.250000,1298.050049,1342.900024,1342.233521,17320030
2020-06-03,1364.000000,1428.199951,1342.199951,1386.550049,1385.861816,12344415
2020-06-04,1380.050049,1380.050049,1330.349976,1334.400024,1333.737671,6004144
2020-06-05,1344.000000,1358.000000,1321.000000,1337.800049,1337.136108,5688117
2020-06-08,1355.000000,1365.000000,1315.500000,1336.750000,1336.086548,5302297
2020-06-09,1341.949951,1360.000000,1299.099976,1304.150024,1303.502686,5477333
2020-06-10,1304.500000,1344.300049,1303.599976,1332.250000,1331.588745,4876360
2020-06-11,1334.000000,1334.400024,1289.199951,1298.699951,1298.055420,4376813
2020-06-12,1240.000000,1289.699951,1231.599976,1279.800049,1279.164795,8992424
2020-06-15,1270.000000,1271.150024,1237.199951,1248.900024,1248.280151,7553579
2020-06-16,1276.000000,1295.800049,1238.099976,1276.800049,1276.166382,5266292
2020-06-17,1269.449951,1284.949951,1236.599976,1243.800049,1243.182739,5429264
2020-06-18,1240.000000,1309.900024,1228.349976,1303.349976,1302.703125,6672522
2020-06-19,1304.000000,1315.750000,1276.349976,1302.500000,1301.853516,8492615
2020-06-22,1309.800049,1385.000000,1295.949951,1355.349976,1354.677246,7633867
2020-06-23,1355.000000,1395.699951,1350.050049,1389.900024,1389.210205,4669825
2020-06-24,1392.000000,1398.000000,1336.949951,1343.900024,1343.233032,5332617
2020-06-25,1337.000000,1389.750000,1325.000000,1381.699951,1381.014160,9985038
2020-06-26,1380.000000,1382.949951,1326.949951,1340.099976,1339.434814,6694196
2020-06-29,1336.099976,1366.900024,1313.000000,1355.650024,1354.977173,3819681
2020-06-30,1364.900024,1372.900024,1345.050049,1360.449951,1359.774780,4777664
2020-07-01,1319.000000,1364.800049,1316.000000,1356.750000,1356.076660,8939585
2020-07-02,1358.150024,1371.900024,1342.300049,1352.000000,1351.328979,4992982
2020-07-03,1359.900024,1368.699951,1350.050049,1353.800049,1353.128174,2768103
2020-07-06,1370.000000,1381.250000,1361.000000,1367.900024,1367.221069,3248073
2020-07-07,1370.000000,1374.400024,1351.500000,1368.250000,1367.570923,3574288
2020-07-08,1368.000000,1378.849976,1348.000000,1352.750000,1352.078613,3383105
2020-07-09,1355.750000,1374.599976,1347.750000,1368.150024,1367.470947,3445915
2020-07-10,1363.400024,1375.000000,1345.550049,1349.349976,1348.680298,3017959
2020-07-13,1360.000000,1364.900024,1324.099976,1335.550049,1334.887207,3356697
2020-07-14,1328.800049,1331.400024,1293.300049,1298.300049,1297.655640,2914943
2020-07-15,1306.400024,1311.949951,1280.000000,1290.000000,1289.359741,4372543
2020-07-16,1288.599976,1327.900024,1267.000000,1322.650024,1321.993530,4204057
2020-07-17,1317.000000,1337.900024,1301.099976,1327.449951,1326.791138,4200163
2020-07-20,1330.000000,1336.699951,1309.000000,1319.050049,1318.395386,3481742
2020-07-21,1325.099976,1363.000000,1325.000000,1359.000000,1358.325439,4404245
2020-07-22,1365.000000,1366.349976,1330.949951,1342.349976,1341.683716,4172575
2020-07-23,1340.000000,1379.849976,1335.300049,1374.050049,1373.368042,4308719
2020-07-24,1360.000000,1365.000000,1341.599976,1350.000000,1349.329956,3112378
2020-07-27,1365.000000,1379.500000,1310.150024,1322.599976,1321.943481,7560839
2020-07-28,1330.099976,1401.800049,1319.400024,1384.050049,1383.363159,6751771
2020-07-29,1385.000000,1397.949951,1345.900024,1389.449951,1388.760376,4067790
2020-07-30,1395.099976,1424.699951,1376.000000,1385.000000,1384.312622,6097103
2020-07-31,1375.000000,1389.949951,1350.349976,1365.750000,1365.072144,3223070
2020-08-03,1356.000000,1356.000000,1300.099976,1308.550049,1307.900635,5241260
2020-08-04,1320.000000,1331.349976,1302.000000,1323.949951,1323.292847,4946596
2020-08-05,1332.000000,1353.000000,1322.000000,1334.199951,1333.537720,3475602
2020-08-06,1345.000000,1367.400024,1330.650024,1340.099976,1339.434814,3677830
2020-08-07,1341.500000,1347.800049,1323.250000,1342.500000,1341.833740,2807069
2020-08-10,1349.000000,1380.000000,1346.199951,1360.199951,1359.524902,2960056
2020-08-11,1373.000000,1385.000000,1357.150024,1364.599976,1363.922729,2502925
2020-08-12,1350.000000,1354.849976,1333.550049,1335.099976,1334.437378,3840190
2020-08-13,1341.900024,1358.500000,1333.949951,1336.250000,1335.586792,3331328
2020-08-14,1337.550049,1346.800049,1302.300049,1307.449951,1306.801025,3331502
2020-08-17,1320.099976,1333.550049,1312.199951,1327.550049,1326.891113,2831340
2020-08-18,1318.599976,1374.949951,1318.000000,1369.349976,1368.670288,4261949
2020-08-19,1372.349976,1380.900024,1349.949951,1355.599976,1354.927124,3396764
2020-08-20,1343.000000,1350.000000,1330.150024,1338.349976,1337.685669,2841389
2020-08-21,1342.000000,1352.000000,1331.050049,1339.400024,1338.735229,2485166
2020-08-24,1347.599976,1396.500000,1342.349976,1387.250000,1386.561523,6029138
2020-08-25,1392.000000,1405.000000,1380.550049,1400.099976,1399.405029,4562237
2020-08-26,1410.000000,1441.650024,1403.199951,1436.699951,1435.986816,5718648
2020-08-27,1441.000000,1445.849976,1411.550049,1420.000000,1419.295166,4283571
2020-08-28,1410.000000,1474.000000,1401.000000,1467.099976,1466.371826,10645702
2020-08-31,1488.000000,1501.500000,1374.000000,1401.349976,1400.654419,6973753
2020-09-01,1419.849976,1442.000000,1386.099976,1430.650024,1429.939941,4258214
2020-09-02,1425.000000,1437.500000,1407.150024,1423.500000,1422.793457,3325250
2020-09-03,1433.800049,1437.000000,1390.000000,1396.699951,1396.006714,2395149
2020-09-04,1380.000000,1394.699951,1354.000000,1380.050049,1379.365112,4101756
2020-09-07,1379.000000,1379.000000,1356.400024,1368.750000,1368.070679,2321547
2020-09-08,1371.900024,1372.150024,1347.699951,1350.699951,1350.029541,2823869
2020-09-09,1343.000000,1350.250000,1313.099976,1326.150024,1325.491821,3443401
2020-09-10,1330.000000,1343.050049,1315.099976,1319.500000,1318.845093,3289948
2020-09-11,1317.000000,1336.199951,1311.000000,1330.349976,1329.689697,3500314
2020-09-14,1337.000000,1347.949951,1300.000000,1304.699951,1304.052368,3891113
2020-09-15,1308.099976,1328.849976,1289.000000,1323.949951,1323.292847,5029913
2020-09-16,1324.000000,1332.000000,1300.550049,1325.400024,1324.742188,3285887
2020-09-17,1315.000000,1326.599976,1301.199951,1305.099976,1304.452271,3308991
2020-09-18,1313.099976,1314.000000,1262.500000,1277.099976,1276.466064,6529137
2020-09-21,1276.000000,1319.449951,1273.150024,1287.849976,1287.210815,6859791
2020-09-22,1288.050049,1301.500000,1261.699951,1270.550049,1269.919434,4238325
2020-09-23,1280.050049,1287.449951,1265.150024,1275.400024,1274.766968,2835349
2020-09-24,1267.000000,1284.900024,1236.000000,1246.099976,1245.481445,5616125
2020-09-25,1255.050049,1258.400024,1230.599976,1253.050049,1252.428101,3639974
2020-09-28,1258.000000,1283.949951,1253.650024,1278.699951,1278.065308,1892099
2020-09-29,1286.800049,1292.900024,1259.099976,1263.250000,1262.623047,2349470
2020-09-30,1263.250000,1276.949951,1252.000000,1268.199951,1267.570557,2950616
2020-10-01,1280.000000,1309.800049,1278.900024,1305.050049,1304.402344,3162391
2020-10-05,1310.000000,1333.699951,1308.599976,1314.599976,1313.947510,3860008
2020-10-06,1325.000000,1342.000000,1311.050049,1338.250000,1337.585815,2632531
2020-10-07,1339.900024,1340.000000,1321.849976,1324.699951,1324.042480,2834670
2020-10-08,1326.500000,1341.250000,1311.250000,1320.099976,1319.444824,5171253
2020-10-09,1323.000000,1338.250000,1305.599976,1319.849976,1319.194946,5312676
2020-10-12,1328.000000,1358.199951,1307.500000,1312.900024,1312.248413,5175139
2020-10-13,1319.650024,1349.699951,1307.199951,1344.949951,1344.282471,4872149
2020-10-14,1335.250000,1358.000000,1324.150024,1353.349976,1352.678223,3358021
2020-10-15,1353.349976,1365.949951,1301.250000,1309.550049,1308.900024,3496474
2020-10-16,1308.500000,1343.300049,1308.500000,1336.550049,1335.886719,2358029
2020-10-19,1350.000000,1380.000000,1333.500000,1376.699951,1376.016602,3970716
2020-10-20,1371.699951,1386.000000,1355.500000,1368.800049,1368.120728,3228111
2020-10-21,1375.000000,1400.000000,1358.650024,1393.300049,1392.608521,4280446
2020-10-22,1388.000000,1405.000000,1377.550049,1393.050049,1392.358643,3610092
2020-10-23,1400.000000,1407.699951,1378.250000,1383.050049,1382.363647,2385851
2020-10-26,1399.000000,1429.000000,1347.349976,1416.900024,1416.196777,8022388
2020-10-27,1452.500000,1602.000000,1452.500000,1587.650024,1586.862061,33166880
2020-10-28,1575.000000,1575.000000,1541.000000,1551.349976,1550.579956,7244983
2020-10-29,1532.000000,1588.800049,1525.000000,1570.900024,1570.120361,7286029
2020-10-30,1574.000000,1574.650024,1518.599976,1547.400024,1546.631958,4201984
2020-11-02,1555.000000,1604.800049,1534.800049,1580.699951,1579.915405,5712460
2020-11-03,1581.000000,1601.500000,1570.199951,1593.599976,1592.809082,5260618
2020-11-04,1589.000000,1635.800049,1578.000000,1630.699951,1629.890625,5088061
2020-11-05,1643.000000,1680.000000,1632.050049,1675.449951,1674.618408,6074505
2020-11-06,1660.000000,1725.000000,1650.000000,1718.050049,1717.197388,5957659
2020-11-09,1730.000000,1751.800049,1700.300049,1728.150024,1727.292236,5210211
2020-11-10,1731.000000,1794.449951,1725.449951,1752.949951,1752.079956,8003823
2020-11-11,1774.000000,1818.449951,1760.000000,1807.849976,1806.952637,10534339
2020-11-12,1799.000000,1799.000000,1748.449951,1754.750000,1753.879028,6775199
2020-11-13,1749.900024,1774.800049,1720.349976,1763.300049,1762.424927,6264556
2020-11-14,1773.949951,1775.000000,1764.900024,1770.550049,1769.671265,310853
2020-11-17,1771.800049,1802.000000,1764.500000,1796.650024,1795.758301,5826745
2020-11-18,1791.500000,1849.800049,1784.150024,1830.599976,1829.691406,6175248
2020-11-19,1819.000000,1860.699951,1816.050049,1826.349976,1825.443481,8717768
2020-11-20,1820.000000,1899.000000,1812.099976,1889.400024,1888.462280,9116266
2020-11-23,1892.400024,1905.300049,1871.150024,1897.849976,1896.907959,10443439
2020-11-24,1896.000000,1948.400024,1890.849976,1924.900024,1923.944702,8949886
2020-11-25,1939.000000,1939.000000,1853.099976,1862.449951,1861.525513,6837169
2020-11-26,1875.000000,1900.050049,1850.050049,1889.099976,1888.162354,6864571
2020-11-27,1895.000000,1925.150024,1846.949951,1907.099976,1906.153442,78702124
2020-12-01,1930.000000,1930.000000,1864.550049,1875.849976,1874.918945,7955798
2020-12-02,1880.000000,1883.650024,1809.000000,1814.199951,1813.299561,7458011
2020-12-03,1836.000000,1844.000000,1811.699951,1821.000000,1820.096191,4462528
2020-12-04,1828.000000,1857.000000,1802.400024,1846.250000,1845.333618,3989431
2020-12-07,1849.449951,1856.000000,1805.000000,1820.550049,1819.646484,6032173
2020-12-08,1832.300049,1839.000000,1817.250000,1833.800049,1832.889893,3953436
2020-12-09,1836.099976,1889.000000,1836.099976,1883.550049,1882.615234,4370644
2020-12-10,1900.000000,1919.900024,1859.849976,1903.300049,1902.355347,4695216
2020-12-11,1893.500000,1928.699951,1893.500000,1920.400024,1919.446899,5466598
2020-12-14,1934.000000,1946.900024,1899.000000,1939.349976,1938.387451,3456971
2020-12-15,1948.000000,1958.000000,1919.300049,1951.150024,1950.181641,4141898
2020-12-16,1965.000000,1965.000000,1936.550049,1952.550049,1951.580933,2764698
2020-12-17,1965.000000,1969.000000,1942.550049,1965.449951,1964.474487,3460370
2020-12-18,1963.800049,1963.800049,1921.349976,1949.349976,1948.382446,3371676
2020-12-21,1935.000000,1959.000000,1907.599976,1920.849976,1919.896606,3941511
2020-12-22,1930.000000,1930.250000,1886.099976,1902.949951,1902.005493,5073744
2020-12-23,1901.000000,1924.800049,1892.500000,1920.750000,1919.796631,2340819
2020-12-24,1918.000000,1978.000000,1917.000000,1960.599976,1959.626831,3337164
2020-12-28,1963.000000,1996.099976,1962.099976,1988.900024,1987.912842,2743069
2020-12-29,1983.000000,2017.000000,1983.000000,1999.300049,1998.307739,3152865
2020-12-30,2003.199951,2027.000000,1999.000000,2017.949951,2016.948364,2657431
2020-12-31,2016.699951,2018.750000,1987.000000,1995.599976,1994.609497,2794829
2021-01-01,1996.900024,2007.949951,1990.699951,1994.050049,1993.060303,1106099
2021-01-04,2004.000000,2005.949951,1955.000000,1965.550049,1964.574463,3141429
2021-01-05,1959.500000,1964.400024,1935.000000,1959.750000,1958.777344,3263230
2021-01-06,1973.900024,1979.000000,1948.400024,1970.400024,1969.422119,3452515
2021-01-07,1984.000000,1984.000000,1947.500000,1952.400024,1951.431030,3419317
2021-01-08,1972.000000,1976.000000,1946.250000,1970.699951,1969.721802,3262897
2021-01-11,1960.000000,1966.900024,1935.400024,1938.150024,1937.188110,2995521
2021-01-12,1929.800049,1930.099976,1895.849976,1903.449951,1902.505249,6035580
2021-01-13,1911.000000,1911.000000,1877.000000,1882.099976,1881.165894,5583130
2021-01-14,1892.000000,1905.000000,1871.050049,1892.650024,1891.710693,4803638
2021-01-15,1894.199951,1904.000000,1854.050049,1863.900024,1862.974976,2715164
2021-01-18,1870.500000,1872.250000,1838.849976,1846.949951,1846.033203,5004628
2021-01-19,1856.099976,1892.000000,1845.250000,1887.000000,1886.063477,4805514
2021-01-20,1890.000000,1890.000000,1869.449951,1883.599976,1882.665039,3041448
2021-01-21,1900.000000,1904.900024,1845.750000,1857.800049,1856.877930,5668862
2021-01-22,1850.000000,1875.000000,1824.500000,1828.000000,1827.092773,4298175
2021-01-25,1845.000000,1867.400024,1775.000000,1794.400024,1793.509399,6610138
2021-01-27,1798.000000,1823.449951,1746.349976,1764.699951,1763.824097,7892319
2021-01-28,1731.000000,1764.449951,1701.000000,1722.849976,1721.994873,6035924
2021-01-29,1749.849976,1749.849976,1704.000000,1712.949951,1712.099731,5140687
2021-02-01,1730.000000,1809.800049,1696.050049,1801.500000,1800.605835,4829210
2021-02-02,1830.000000,1879.099976,1800.050049,1861.300049,1860.376221,5871337
2021-02-03,1870.000000,1883.150024,1820.000000,1852.199951,1851.280640,4289395
2021-02-04,1839.000000,1915.000000,1831.000000,1910.400024,1909.451782,9641674
2021-02-05,1915.000000,1998.500000,1913.150024,1982.699951,1981.715942,16268336
2021-02-08,2000.000000,2030.000000,1951.500000,1957.150024,1956.178589,4021475
2021-02-09,1960.000000,1975.000000,1937.849976,1949.150024,1948.182617,2230923
2021-02-10,1950.000000,1962.900024,1937.000000,1952.050049,1951.081177,2860941
2021-02-11,1949.199951,1984.750000,1941.250000,1961.000000,1960.026733,2246777
2021-02-12,1960.000000,1975.000000,1946.000000,1951.050049,1950.081665,1690753
2021-02-15,1960.000000,1999.000000,1957.000000,1985.949951,1984.964233,2930435
2021-02-16,2000.000000,2049.000000,1998.000000,2019.650024,2018.647583,5480183
2021-02-17,2015.099976,2023.500000,1969.150024,1989.449951,1988.462524,4395224
2021-02-18,1979.150024,1984.849976,1938.099976,1945.449951,1944.484375,3538208
2021-02-19,1942.250000,1969.849976,1925.099976,1938.750000,1937.787720,2735683
2021-02-22,1938.750000,1962.050049,1921.599976,1949.599976,1948.632324,3853276
2021-02-23,1965.000000,1965.000000,1866.000000,1872.949951,1872.020386,5572402
2021-02-24,1889.099976,1924.000000,1852.050049,1911.199951,1910.251343,3821416
2021-02-25,1927.000000,1965.199951,1887.550049,1895.500000,1894.559204,5622516
2021-02-26,1869.000000,1869.000000,1773.000000,1780.349976,1779.466309,8400096
2021-03-01,1811.000000,1854.900024,1801.400024,1845.400024,1844.484131,3260044
2021-03-02,1845.000000,1868.400024,1820.099976,1844.650024,1843.734497,3837149
2021-03-03,1855.000000,1908.750000,1851.199951,1899.500000,1898.557251,2875618
2021-03-04,1863.900024,1910.400024,1850.000000,1897.699951,1896.758057,4022514
2021-03-05,1875.500000,1928.300049,1868.000000,1922.500000,1921.545776,5407986
2021-03-08,1920.000000,1947.849976,1893.300049,1915.849976,1914.899048,4698010
2021-03-09,1917.800049,1991.000000,1917.800049,1978.949951,1977.967773,7918345
2021-03-10,1983.250000,1999.349976,1957.199951,1963.949951,1962.975220,2761470
2021-03-12,1979.000000,1980.000000,1912.000000,1935.150024,1934.189575,2620265
2021-03-15,1944.000000,1944.000000,1893.099976,1918.650024,1917.697754,2643553
2021-03-16,1925.099976,1941.699951,1900.000000,1903.199951,1902.255371,2769224
2021-03-17,1903.199951,1917.699951,1861.000000,1868.349976,1867.422607,2694994
2021-03-18,1881.000000,1892.900024,1825.099976,1830.400024,1829.491577,2197575
2021-03-19,1818.449951,1872.000000,1814.050049,1834.150024,1833.239624,4803016
2021-03-22,1833.000000,1849.949951,1805.000000,1822.650024,1821.745361,2434097
2021-03-23,1844.000000,1844.000000,1798.849976,1812.650024,1811.750366,4250856
2021-03-24,1800.000000,1805.000000,1773.349976,1782.449951,1781.565308,3046161
2021-03-25,1792.900024,1798.800049,1745.000000,1762.900024,1762.025024,4113013
2021-03-26,1785.000000,1792.400024,1762.750000,1771.050049,1770.171021,3310757
2021-03-30,1782.099976,1801.949951,1775.000000,1781.250000,1780.365967,5575524
2021-03-31,1778.800049,1779.000000,1742.599976,1753.000000,1752.129883,3798383
2021-04-01,1770.000000,1813.250000,1750.650024,1804.550049,1803.654419,3802652
2021-04-05,1786.099976,1799.599976,1734.400024,1759.199951,1758.326782,2448241
2021-04-06,1776.000000,1781.449951,1728.699951,1768.300049,1767.422363,2873045
2021-04-07,1766.050049,1810.699951,1745.599976,1792.000000,1791.110596,3158142
2021-04-08,1796.000000,1823.699951,1778.699951,1783.250000,1782.364868,2890290
2021-04-09,1770.000000,1806.449951,1744.099976,1799.250000,1798.356934,3139384
2021-04-12,1757.250000,1768.000000,1723.300049,1742.500000,1741.635132,3328336
2021-04-13,1745.800049,1786.050049,1723.449951,1775.849976,1774.968628,3118742
2021-04-15,1800.000000,1809.500000,1752.599976,1773.250000,1772.369873,3546886
2021-04-16,1774.000000,1788.150024,1760.050049,1764.099976,1763.224365,2912279
2021-04-19,1720.000000,1720.000000,1675.000000,1700.750000,1699.905884,3865423
2021-04-20,1725.000000,1733.599976,1684.349976,1697.699951,1696.857300,3317008
2021-04-22,1689.750000,1739.750000,1669.199951,1736.050049,1735.188354,3590444
2021-04-23,1733.900024,1756.349976,1720.250000,1734.199951,1733.339233,1893450
2021-04-26,1740.000000,1783.000000,1733.300049,1759.650024,1758.776611,3253062
2021-04-27,1750.000000,1762.599976,1724.550049,1750.300049,1749.431274,4533360
2021-04-28,1762.500000,1824.000000,1754.000000,1811.449951,1810.550903,4174599
2021-04-29,1825.099976,1845.449951,1780.550049,1805.000000,1804.104126,3960095
2021-04-30,1780.000000,1802.000000,1739.449951,1748.800049,1747.932129,2621783
2021-05-03,1735.000000,1759.000000,1685.000000,1725.449951,1724.593506,5593869
2021-05-04,1751.000000,1764.000000,1725.300049,1732.650024,1731.790039,4255151
2021-05-05,1741.000000,1778.000000,1721.900024,1770.750000,1769.871094,2411643
2021-05-06,1781.699951,1793.699951,1763.199951,1788.250000,1787.362427,2380255
2021-05-07,1796.000000,1813.000000,1773.500000,1780.349976,1779.466309,1610730
2021-05-10,1809.000000,1813.250000,1790.599976,1809.349976,1808.451904,1332490
2021-05-11,1776.599976,1794.400024,1753.250000,1755.449951,1754.578613,2955976
2021-05-12,1754.000000,1754.000000,1715.550049,1718.849976,1717.996826,3181830
2021-05-14,1728.900024,1728.900024,1701.099976,1706.650024,1705.802979,2937892
2021-05-17,1717.000000,1755.000000,1710.000000,1744.150024,1743.284302,4211441
2021-05-18,1768.000000,1770.949951,1750.099976,1755.099976,1754.228882,4658414
2021-05-19,1747.949951,1750.349976,1727.449951,1730.550049,1729.691162,2372042
2021-05-20,1732.000000,1737.000000,1705.099976,1708.199951,1707.352173,2598038
2021-05-21,1715.500000,1764.449951,1715.500000,1757.650024,1756.777710,4293112
2021-05-24,1763.650024,1778.900024,1742.000000,1757.000000,1756.127930,3613907
2021-05-25,1770.400024,1773.900024,1738.000000,1750.500000,1749.631226,2201625
2021-05-26,1760.050049,1761.800049,1736.900024,1740.650024,1739.786133,2845100
2021-05-27,1740.000000,1783.449951,1725.699951,1777.250000,1776.367920,5339988
2021-05-28,1786.000000,1813.000000,1778.250000,1800.750000,1799.856201,3247009
2021-05-31,1799.000000,1811.800049,1785.000000,1807.699951,1806.802734,2310809
2021-06-01,1815.000000,1824.000000,1788.000000,1797.000000,1796.108154,2289816
2021-06-02,1793.000000,1793.000000,1770.000000,1783.099976,1782.214966,3098849
2021-06-03,1790.000000,1827.949951,1790.000000,1814.199951,1813.299561,3444131
2021-06-04,1820.000000,1820.949951,1797.000000,1811.199951,1810.301025,1508706
2021-06-07,1825.000000,1825.000000,1807.000000,1814.900024,1813.999268,1096139
2021-06-08,1815.000000,1816.500000,1787.849976,1793.550049,1792.659912,1331031
2021-06-09,1789.900024,1812.000000,1775.000000,1782.900024,1782.015137,2037714
2021-06-10,1787.699951,1803.000000,1776.000000,1799.550049,1798.656860,1854489
2021-06-11,1809.000000,1810.000000,1788.000000,1794.349976,1793.459351,1621928
2021-06-14,1789.900024,1789.900024,1759.500000,1768.050049,1767.172485,2543002
2021-06-15,1775.800049,1784.150024,1766.000000,1770.900024,1770.021118,1735824
2021-06-16,1770.849976,1780.949951,1753.000000,1760.599976,1759.726196,2845543
2021-06-17,1747.250000,1771.800049,1736.000000,1766.050049,1765.173462,2578242
2021-06-18,1774.949951,1776.650024,1733.250000,1760.449951,1759.576172,2678789
2021-06-21,1740.000000,1777.199951,1731.300049,1772.050049,1771.170532,1279321
2021-06-22,1780.000000,1785.000000,1754.000000,1757.099976,1756.227905,1571743
2021-06-23,1764.000000,1764.000000,1727.250000,1736.699951,1735.838013,7602349
2021-06-24,1735.000000,1742.900024,1727.199951,1737.900024,1737.037476,3595393
2021-06-25,1735.000000,1754.000000,1720.900024,1735.000000,1734.138916,9577645
2021-06-28,1735.000000,1748.000000,1722.199951,1733.050049,1732.189941,3500507
2021-06-29,1737.800049,1738.000000,1702.000000,1705.849976,1705.003296,10394662
2021-06-30,1705.849976,1743.500000,1698.449951,1705.849976,1705.003296,8822099
2021-07-01,1709.900024,1725.199951,1706.150024,1716.099976,1715.248169,2988386
2021-07-02,1727.000000,1728.000000,1710.000000,1715.150024,1714.298706,2242551
2021-07-05,1727.000000,1739.800049,1721.500000,1731.099976,1730.240723,1887671
2021-07-06,1729.000000,1760.000000,1727.000000,1755.349976,1754.478760,3692222
2021-07-07,1756.000000,1768.500000,1743.150024,1761.800049,1760.925659,2726182
2021-07-08,1758.000000,1763.000000,1725.000000,1732.300049,1731.440308,2208015
2021-07-09,1729.000000,1730.000000,1714.949951,1720.050049,1719.196289,1698166
2021-07-12,1732.000000,1743.000000,1725.150024,1731.949951,1731.090332,1737065
2021-07-13,1743.000000,1752.500000,1723.599976,1747.150024,1746.282837,2066639
2021-07-14,1740.000000,1757.949951,1735.599976,1748.150024,1747.282349,2158984
2021-07-15,1757.000000,1757.000000,1740.000000,1750.050049,1749.181396,1950556
2021-07-16,1755.500000,1762.000000,1740.000000,1749.500000,1748.631714,1838050
2021-07-19,1733.900024,1740.000000,1712.000000,1722.800049,1721.944946,2146337
2021-07-20,1722.800049,1723.800049,1696.000000,1702.650024,1701.804932,2143859
2021-07-22,1706.550049,1721.949951,1703.150024,1707.199951,1706.352661,1858253
2021-07-23,1710.000000,1727.300049,1694.150024,1722.949951,1722.094849,1995800
2021-07-26,1711.599976,1750.000000,1673.349976,1740.599976,1739.736084,3939095
2021-07-27,1752.000000,1753.000000,1693.849976,1697.949951,1697.107178,4301131
2021-07-28,1705.000000,1705.800049,1646.000000,1652.849976,1652.029663,5052755
2021-07-29,1664.000000,1664.000000,1635.099976,1641.650024,1640.835205,2994265
2021-07-30,1641.650024,1669.900024,1626.000000,1654.800049,1653.978760,3222001
2021-08-02,1665.000000,1677.300049,1657.500000,1665.099976,1664.273560,2590976
2021-08-03,1665.000000,1689.250000,1665.000000,1685.650024,1684.813354,3230140
2021-08-04,1698.699951,1753.250000,1685.000000,1749.949951,1749.081421,7004160
2021-08-05,1761.699951,1793.000000,1752.550049,1771.750000,1770.870605,6052092
2021-08-06,1769.000000,1784.699951,1756.150024,1777.199951,1776.317871,3640469
2021-08-09,1777.199951,1789.599976,1762.099976,1780.900024,1780.016113,1596886
2021-08-10,1785.000000,1824.900024,1779.300049,1813.250000,1812.349976,4594848
2021-08-11,1820.000000,1820.000000,1762.150024,1780.599976,1780.599976,3101903
2021-08-12,1775.099976,1791.000000,1762.000000,1787.699951,1787.699951,1641690
2021-08-13,1784.000000,1799.000000,1773.849976,1788.000000,1788.000000,1839917
2021-08-16,1784.000000,1801.199951,1771.750000,1782.349976,1782.349976,1553661
2021-08-17,1779.000000,1795.000000,1777.050049,1788.349976,1788.349976,1419337
2021-08-18,1788.349976,1790.550049,1745.599976,1749.699951,1749.699951,2763653
2021-08-20,1732.000000,1732.000000,1697.000000,1703.550049,1703.550049,5643242
2021-08-23,1724.550049,1724.550049,1700.000000,1716.849976,1716.849976,3093169
2021-08-24,1725.000000,1725.000000,1691.599976,1704.900024,1704.900024,4707971
2021-08-25,1705.000000,1716.699951,1694.000000,1697.199951,1697.199951,2913810
2021-08-26,1693.800049,1716.500000,1688.900024,1697.500000,1697.500000,4382577
2021-08-27,1695.000000,1723.800049,1695.000000,1713.550049,1713.550049,3661315
2021-08-30,1715.949951,1739.550049,1715.949951,1735.849976,1735.849976,2561253
2021-08-31,1744.050049,1759.599976,1739.050049,1753.699951,1753.699951,4492609
2021-09-01,1753.750000,1753.849976,1738.000000,1746.650024,1746.650024,7266354
2021-09-02,1752.000000,1788.400024,1744.000000,1776.400024,1776.400024,5763844
2021-09-03,1793.000000,1811.449951,1777.550049,1791.849976,1791.849976,4845134
2021-09-06,1808.000000,1808.000000,1770.000000,1774.550049,1774.550049,1901931
2021-09-07,1774.550049,1779.449951,1746.000000,1764.849976,1764.849976,2922837
2021-09-08,1760.099976,1828.000000,1755.000000,1815.349976,1815.349976,15249557
2021-09-09,1826.000000,1841.699951,1806.800049,1817.849976,1817.849976,3642925
2021-09-13,1828.500000,1849.800049,1794.750000,1840.050049,1840.050049,3271615
2021-09-14,1850.000000,1879.000000,1845.150024,1867.750000,1867.750000,4168080
2021-09-15,1874.000000,1898.449951,1858.000000,1871.699951,1871.699951,4814023
2021-09-16,1877.000000,1910.000000,1868.000000,1906.800049,1906.800049,4128783
2021-09-17,1916.000000,2017.000000,1913.000000,2007.949951,2007.949951,14638489
2021-09-20,1990.000000,2037.199951,1981.349976,2001.449951,2001.449951,5881089
2021-09-21,2017.000000,2027.650024,1996.099976,2010.949951,2010.949951,3866888
2021-09-22,2016.500000,2022.400024,1978.800049,1985.550049,1985.550049,1911809
2021-09-23,2004.000000,2052.000000,1990.900024,2024.000000,2024.000000,2989107
2021-09-24,2030.000000,2052.350098,2013.900024,2028.099976,2028.099976,2114888
2021-09-27,2031.199951,2058.000000,2025.500000,2033.349976,2033.349976,1830064
2021-09-28,2040.000000,2077.800049,2012.900024,2068.199951,2068.199951,3899267
2021-09-29,2059.899902,2060.000000,2020.150024,2030.449951,2030.449951,3420314
2021-09-30,2025.449951,2035.000000,1996.800049,2005.500000,2005.500000,4572748
2021-10-01,1997.000000,2010.800049,1971.900024,1993.550049,1993.550049,3373978
2021-10-04,1995.000000,2014.900024,1988.000000,1990.949951,1990.949951,2043053
2021-10-05,1994.900024,1997.949951,1975.500000,1982.349976,1982.349976,2719807
2021-10-06,1976.050049,2005.000000,1942.099976,1955.750000,1955.750000,2979275
2021-10-07,1968.000000,1982.250000,1949.250000,1952.449951,1952.449951,2222130
2021-10-08,1950.000000,1966.150024,1931.000000,1936.349976,1936.349976,1937834
2021-10-11,1949.000000,2005.000000,1945.000000,1975.400024,1975.400024,2376167
2021-10-12,1980.000000,2004.000000,1965.000000,1995.099976,1995.099976,1890902
2021-10-13,2004.000000,2022.000000,1994.550049,2009.349976,2009.349976,1742478
2021-10-14,2008.000000,2025.500000,1985.000000,2017.800049,2017.800049,1652356
2021-10-18,2017.800049,2046.949951,2007.949951,2011.599976,2011.599976,2166779
2021-10-19,2011.900024,2044.949951,1992.099976,2035.349976,2035.349976,1695203
2021-10-20,2042.000000,2044.949951,1998.199951,2015.449951,2015.449951,1794893
2021-10-21,2031.000000,2155.000000,2022.000000,2143.750000,2143.750000,9495518
2021-10-22,2154.899902,2201.649902,2122.750000,2171.399902,2171.399902,5931826
2021-10-25,2152.000000,2182.949951,2115.050049,2154.500000,2154.500000,6777262
2021-10-26,2154.500000,2240.000000,2123.699951,2210.949951,2210.949951,10669001
2021-10-27,2200.000000,2253.000000,2176.600098,2188.250000,2188.250000,4550568
2021-10-28,2188.250000,2190.000000,2090.399902,2098.500000,2098.500000,3102289
2021-10-29,2077.550049,2096.949951,2015.000000,2031.150024,2031.150024,4666345
2021-11-01,2055.000000,2086.800049,2034.800049,2076.500000,2076.500000,1966588
2021-11-02,2066.149902,2093.500000,2060.000000,2076.649902,2076.649902,1536206
2021-11-03,2080.000000,2111.600098,2028.000000,2037.550049,2037.550049,2067291
2021-11-04,2040.000000,2062.000000,2039.000000,2057.000000,2057.000000,205177
2021-11-08,2055.000000,2127.600098,2055.000000,2118.850098,2118.850098,2121996
2021-11-09,2120.000000,2126.949951,2083.300049,2097.199951,2097.199951,1777573
2021-11-10,2085.000000,2091.350098,2063.050049,2076.050049,2076.050049,1445788
2021-11-11,2073.000000,2077.699951,2047.550049,2054.100098,2054.100098,1547153
2021-11-12,2068.000000,2080.000000,2053.050049,2074.699951,2074.699951,1434428
2021-11-15,2080.100098,2108.000000,2080.000000,2097.300049,2097.300049,1819328
2021-11-16,2099.899902,2103.850098,2070.000000,2082.850098,2082.850098,1545107
2021-11-17,2070.000000,2081.850098,2045.500000,2053.100098,2053.100098,1446763
2021-11-18,2050.000000,2062.449951,2008.900024,2024.449951,2024.449951,2793199
2021-11-22,2044.000000,2044.000000,1941.000000,1955.449951,1955.449951,2748329
2021-11-23,1938.000000,1993.150024,1932.699951,1982.900024,1982.900024,3229625
2021-11-24,1979.550049,2024.949951,1970.000000,2011.400024,2011.400024,1947483
2021-11-25,2020.000000,2048.000000,2013.050049,2035.099976,2035.099976,3164428
2021-11-26,2002.000000,2007.000000,1955.099976,1964.300049,1964.300049,2647553
2021-11-29,1993.000000,2045.000000,1937.199951,2019.599976,2019.599976,4171900
2021-11-30,2023.000000,2039.599976,1946.900024,1961.900024,1961.900024,4265816
2021-12-01,1979.000000,1985.900024,1940.000000,1953.349976,1953.349976,2585693
2021-12-02,1947.550049,1980.949951,1945.599976,1964.250000,1964.250000,1932929
2021-12-03,1966.699951,1989.900024,1905.199951,1914.199951,1914.199951,3491724
2021-12-06,1920.000000,1926.500000,1877.000000,1885.199951,1885.199951,3081336
2021-12-07,1912.000000,1963.800049,1910.199951,1937.150024,1937.150024,7344475
2021-12-08,1970.000000,1970.000000,1915.449951,1920.449951,1920.449951,5125595
2021-12-09,1926.000000,1936.900024,1886.099976,1916.349976,1916.349976,4654453
2021-12-10,1915.000000,1920.000000,1888.500000,1896.750000,1896.750000,3054922
2021-12-13,1910.000000,1916.000000,1862.250000,1873.099976,1873.099976,4085110
2021-12-14,1873.099976,1874.000000,1816.050049,1840.400024,1840.400024,10111252
2021-12-15,1845.599976,1881.750000,1836.750000,1867.400024,1867.400024,5305747
2021-12-16,1885.900024,1890.949951,1850.900024,1860.750000,1860.750000,3054462
2021-12-17,1855.000000,1859.949951,1790.000000,1793.800049,1793.800049,2935126
2021-12-20,1780.000000,1780.000000,1722.400024,1742.500000,1742.500000,3269179
2021-12-21,1761.050049,1768.000000,1721.000000,1736.550049,1736.550049,2264231
2021-12-22,1748.000000,1770.000000,1733.150024,1762.400024,1762.400024,3453839
2021-12-23,1784.900024,1788.699951,1767.349976,1775.599976,1775.599976,1919649
2021-12-24,1780.000000,1780.000000,1730.000000,1748.400024,1748.400024,2271570
2021-12-27,1743.099976,1778.949951,1721.000000,1773.449951,1773.449951,1653833
2021-12-28,1785.000000,1789.699951,1765.550049,1774.900024,1774.900024,1285671
2021-12-29,1774.000000,1780.000000,1754.099976,1764.199951,1764.199951,1411908
2021-12-30,1759.000000,1769.949951,1743.650024,1755.250000,1755.250000,2498395
2021-12-31,1762.000000,1801.000000,1760.050049,1796.099976,1796.099976,2212892
2022-01-03,1797.000000,1828.099976,1791.599976,1824.449951,1824.449951,1985109
2022-01-04,1830.000000,1857.000000,1815.300049,1852.599976,1852.599976,2635575
2022-01-05,1857.000000,1928.349976,1840.099976,1922.150024,1922.150024,4208167
2022-01-06,1907.099976,1915.000000,1875.000000,1891.900024,1891.900024,2258030
2022-01-07,1891.900024,1925.400024,1883.599976,1904.250000,1904.250000,2303351
2022-01-10,1904.250000,1955.300049,1901.349976,1947.949951,1947.949951,2862087
2022-01-11,1948.000000,1954.250000,1920.199951,1936.800049,1936.800049,2714019
2022-01-12,1954.800049,1976.150024,1947.150024,1956.599976,1956.599976,2149396
2022-01-13,1960.000000,1966.900024,1922.550049,1926.349976,1926.349976,1487152
2022-01-14,1909.000000,1945.000000,1898.000000,1938.199951,1938.199951,1828762
2022-01-17,1922.000000,1952.949951,1918.599976,1937.449951,1937.449951,1676473
2022-01-18,1930.000000,1975.000000,1930.000000,1942.150024,1942.150024,2081456
2022-01-19,1945.000000,1945.000000,1900.099976,1905.650024,1905.650024,1521702
2022-01-20,1925.000000,1925.000000,1877.000000,1892.599976,1892.599976,1489821
2022-01-21,1868.250000,1901.000000,1849.550049,1893.750000,1893.750000,1753896